inventory_id,workbook,workbook_sha256,worksheet,sheet_visibility,cell_address,row,column,exact_formula_text,normalized_formula_text,current_displayed_result,current_displayed_result_type,error_state,contains_broken_ref,referenced_sheets_json,referenced_ranges_json,detected_formula_shape,cell_role,input_topology,translation_status,validation_feasibility,activity_status,required_missing_domain_concepts_json,evidence_confidence,evidence_notes
234b0781309aef3d02d8e9da,Price List.xlsx,a529c3306d6db3923eb55451562c5a1eb4886861c45b390cddfdfc6f70db6a45,Surface Acc,visible,I12,12,9,"=_xlfn.IFNA(MIN(_xlfn._xlws.FILTER(E3:I3,E3:I3<>0)),""❌"")","=IFNA(MIN(FILTER(R[-9]C[-4]:R[-9]C,R[-9]C[-4]:R[-9]C<>0)),""❌"")",#VALUE!,error,#VALUE!,False,"[""Surface Acc""]","[{""sheet"":""Surface Acc"",""range"":""E3:I3"",""raw"":""E3:I3"",""qualified"":""'Surface Acc'!E3:I3""}]",A12,anomalous_formula,multi_source,broken,comparison_not_possible,unknown,"[""misplaced_cross_row_formula_classification""]",high,"Workbook location, references, and cached error prove the anomaly; intended business meaning is not inferred."
8e0595f364394e770e32f906,Price List.xlsx,a529c3306d6db3923eb55451562c5a1eb4886861c45b390cddfdfc6f70db6a45,Beats,visible,C34,34,3,"=IFERROR(FLOOR((#REF!*(1+$C$2/100)*1000),100000),""❌"")","=IFERROR(FLOOR((#REF!*(1+R2C3/100)*1000),100000),""❌"")",❌,text,#REF!,True,"[""Beats""]","[{""sheet"":""Beats"",""range"":""$C$2"",""raw"":""$C$2"",""qualified"":""'Beats'!$C$2""}]",A13,price_target_candidate,derived_reference,broken,comparison_not_possible,unknown,"[""missing_price_basis""]",high,
5a1fd174023969f2194f36ef,Price List.xlsx,a529c3306d6db3923eb55451562c5a1eb4886861c45b390cddfdfc6f70db6a45,Logitech,visible,H4,4,8,"=IF(D4="""",""x"",IFERROR(FLOOR((D4*(1+#REF!/100)+IF(ISNUMBER(#REF!),#REF!,0))*1000000,50000),""x""))","=IF(RC[-4]="""",""x"",IFERROR(FLOOR((RC[-4]*(1+#REF!/100)+IF(ISNUMBER(#REF!),#REF!,0))*1000000,50000),""x""))",x,text,#REF!,True,"[""Logitech""]","[{""sheet"":""Logitech"",""range"":""D4"",""raw"":""D4"",""qualified"":""'Logitech'!D4""}]",A9,price_target_candidate,single_source,broken,comparison_not_possible,unknown,"[""missing_channel_pricing_parameters""]",high,
6650b1d24d9c2c99a49e8ff6,Price List.xlsx,a529c3306d6db3923eb55451562c5a1eb4886861c45b390cddfdfc6f70db6a45,Logitech,visible,H5,5,8,"=IF(D5="""",""x"",IFERROR(FLOOR((D5*(1+#REF!/100)+IF(ISNUMBER(#REF!),#REF!,0))*1000000,50000),""x""))","=IF(RC[-4]="""",""x"",IFERROR(FLOOR((RC[-4]*(1+#REF!/100)+IF(ISNUMBER(#REF!),#REF!,0))*1000000,50000),""x""))",x,text,#REF!,True,"[""Logitech""]","[{""sheet"":""Logitech"",""range"":""D5"",""raw"":""D5"",""qualified"":""'Logitech'!D5""}]",A9,price_target_candidate,single_source,broken,comparison_not_possible,unknown,"[""missing_channel_pricing_parameters""]",high,
23089c89d57b1d4c84dea930,Price List.xlsx,a529c3306d6db3923eb55451562c5a1eb4886861c45b390cddfdfc6f70db6a45,Logitech,visible,H6,6,8,"=IF(D6="""",""x"",IFERROR(FLOOR((D6*(1+#REF!/100)+IF(ISNUMBER(#REF!),#REF!,0))*1000000,50000),""x""))","=IF(RC[-4]="""",""x"",IFERROR(FLOOR((RC[-4]*(1+#REF!/100)+IF(ISNUMBER(#REF!),#REF!,0))*1000000,50000),""x""))",x,text,#REF!,True,"[""Logitech""]","[{""sheet"":""Logitech"",""range"":""D6"",""raw"":""D6"",""qualified"":""'Logitech'!D6""}]",A9,price_target_candidate,single_source,broken,comparison_not_possible,unknown,"[""missing_channel_pricing_parameters""]",high,
2075c920d92bf40164146ba8,Price List.xlsx,a529c3306d6db3923eb55451562c5a1eb4886861c45b390cddfdfc6f70db6a45,Logitech,visible,H7,7,8,"=IF(D7="""",""x"",IFERROR(FLOOR((D7*(1+#REF!/100)+IF(ISNUMBER(#REF!),#REF!,0))*1000000,50000),""x""))","=IF(RC[-4]="""",""x"",IFERROR(FLOOR((RC[-4]*(1+#REF!/100)+IF(ISNUMBER(#REF!),#REF!,0))*1000000,50000),""x""))",x,text,#REF!,True,"[""Logitech""]","[{""sheet"":""Logitech"",""range"":""D7"",""raw"":""D7"",""qualified"":""'Logitech'!D7""}]",A9,price_target_candidate,single_source,broken,comparison_not_possible,unknown,"[""missing_channel_pricing_parameters""]",high,
2e182f65542f461d4d285b14,Price List.xlsx,a529c3306d6db3923eb55451562c5a1eb4886861c45b390cddfdfc6f70db6a45,Logitech,visible,H8,8,8,"=IF(D8="""",""x"",IFERROR(FLOOR((D8*(1+#REF!/100)+IF(ISNUMBER(#REF!),#REF!,0))*1000000,50000),""x""))","=IF(RC[-4]="""",""x"",IFERROR(FLOOR((RC[-4]*(1+#REF!/100)+IF(ISNUMBER(#REF!),#REF!,0))*1000000,50000),""x""))",x,text,#REF!,True,"[""Logitech""]","[{""sheet"":""Logitech"",""range"":""D8"",""raw"":""D8"",""qualified"":""'Logitech'!D8""}]",A9,price_target_candidate,single_source,broken,comparison_not_possible,unknown,"[""missing_channel_pricing_parameters""]",high,
b37f7c0016d25955c0821024,Price List.xlsx,a529c3306d6db3923eb55451562c5a1eb4886861c45b390cddfdfc6f70db6a45,Logitech,visible,H9,9,8,"=IF(D9="""",""x"",IFERROR(FLOOR((D9*(1+#REF!/100)+IF(ISNUMBER(#REF!),#REF!,0))*1000000,50000),""x""))","=IF(RC[-4]="""",""x"",IFERROR(FLOOR((RC[-4]*(1+#REF!/100)+IF(ISNUMBER(#REF!),#REF!,0))*1000000,50000),""x""))",x,text,#REF!,True,"[""Logitech""]","[{""sheet"":""Logitech"",""range"":""D9"",""raw"":""D9"",""qualified"":""'Logitech'!D9""}]",A9,price_target_candidate,single_source,broken,comparison_not_possible,unknown,"[""missing_channel_pricing_parameters""]",high,
373489e32275809474f4fef9,Price List.xlsx,a529c3306d6db3923eb55451562c5a1eb4886861c45b390cddfdfc6f70db6a45,Logitech,visible,H10,10,8,"=IF(D10="""",""x"",IFERROR(FLOOR((D10*(1+#REF!/100)+IF(ISNUMBER(#REF!),#REF!,0))*1000000,50000),""x""))","=IF(RC[-4]="""",""x"",IFERROR(FLOOR((RC[-4]*(1+#REF!/100)+IF(ISNUMBER(#REF!),#REF!,0))*1000000,50000),""x""))",x,text,#REF!,True,"[""Logitech""]","[{""sheet"":""Logitech"",""range"":""D10"",""raw"":""D10"",""qualified"":""'Logitech'!D10""}]",A9,price_target_candidate,single_source,broken,comparison_not_possible,unknown,"[""missing_channel_pricing_parameters""]",high,
d0c412b4aab407b1aa2c3336,Price List.xlsx,a529c3306d6db3923eb55451562c5a1eb4886861c45b390cddfdfc6f70db6a45,Logitech,visible,H11,11,8,"=IF(D11="""",""x"",IFERROR(FLOOR((D11*(1+#REF!/100)+IF(ISNUMBER(#REF!),#REF!,0))*1000000,50000),""x""))","=IF(RC[-4]="""",""x"",IFERROR(FLOOR((RC[-4]*(1+#REF!/100)+IF(ISNUMBER(#REF!),#REF!,0))*1000000,50000),""x""))",x,text,#REF!,True,"[""Logitech""]","[{""sheet"":""Logitech"",""range"":""D11"",""raw"":""D11"",""qualified"":""'Logitech'!D11""}]",A9,price_target_candidate,single_source,broken,comparison_not_possible,unknown,"[""missing_channel_pricing_parameters""]",high,
a887a6ef999a0d1b9d2b6d0e,Price List.xlsx,a529c3306d6db3923eb55451562c5a1eb4886861c45b390cddfdfc6f70db6a45,Logitech,visible,H12,12,8,"=IF(D12="""",""x"",IFERROR(FLOOR((D12*(1+#REF!/100)+IF(ISNUMBER(#REF!),#REF!,0))*1000000,50000),""x""))","=IF(RC[-4]="""",""x"",IFERROR(FLOOR((RC[-4]*(1+#REF!/100)+IF(ISNUMBER(#REF!),#REF!,0))*1000000,50000),""x""))",x,text,#REF!,True,"[""Logitech""]","[{""sheet"":""Logitech"",""range"":""D12"",""raw"":""D12"",""qualified"":""'Logitech'!D12""}]",A9,price_target_candidate,single_source,broken,comparison_not_possible,unknown,"[""missing_channel_pricing_parameters""]",high,
a5e99b8466499aa7a67f1c57,Price List.xlsx,a529c3306d6db3923eb55451562c5a1eb4886861c45b390cddfdfc6f70db6a45,Logitech,visible,H13,13,8,"=IF(D13="""",""x"",IFERROR(FLOOR((D13*(1+#REF!/100)+IF(ISNUMBER(#REF!),#REF!,0))*1000000,50000),""x""))","=IF(RC[-4]="""",""x"",IFERROR(FLOOR((RC[-4]*(1+#REF!/100)+IF(ISNUMBER(#REF!),#REF!,0))*1000000,50000),""x""))",x,text,#REF!,True,"[""Logitech""]","[{""sheet"":""Logitech"",""range"":""D13"",""raw"":""D13"",""qualified"":""'Logitech'!D13""}]",A9,price_target_candidate,single_source,broken,comparison_not_possible,unknown,"[""missing_channel_pricing_parameters""]",high,
c55a460a433104a534b1fa25,Price List.xlsx,a529c3306d6db3923eb55451562c5a1eb4886861c45b390cddfdfc6f70db6a45,Logitech,visible,H14,14,8,"=IF(D14="""",""x"",IFERROR(FLOOR((D14*(1+#REF!/100)+IF(ISNUMBER(#REF!),#REF!,0))*1000000,50000),""x""))","=IF(RC[-4]="""",""x"",IFERROR(FLOOR((RC[-4]*(1+#REF!/100)+IF(ISNUMBER(#REF!),#REF!,0))*1000000,50000),""x""))",x,text,#REF!,True,"[""Logitech""]","[{""sheet"":""Logitech"",""range"":""D14"",""raw"":""D14"",""qualified"":""'Logitech'!D14""}]",A9,price_target_candidate,single_source,broken,comparison_not_possible,unknown,"[""missing_channel_pricing_parameters""]",high,
a682524730af2bdf2aad0ae4,Price List.xlsx,a529c3306d6db3923eb55451562c5a1eb4886861c45b390cddfdfc6f70db6a45,Logitech,visible,H15,15,8,"=IF(D15="""",""x"",IFERROR(FLOOR((D15*(1+#REF!/100)+IF(ISNUMBER(#REF!),#REF!,0))*1000000,50000),""x""))","=IF(RC[-4]="""",""x"",IFERROR(FLOOR((RC[-4]*(1+#REF!/100)+IF(ISNUMBER(#REF!),#REF!,0))*1000000,50000),""x""))",x,text,#REF!,True,"[""Logitech""]","[{""sheet"":""Logitech"",""range"":""D15"",""raw"":""D15"",""qualified"":""'Logitech'!D15""}]",A9,price_target_candidate,single_source,broken,comparison_not_possible,unknown,"[""missing_channel_pricing_parameters""]",high,
874cadde40a9280fbc197c99,Price List.xlsx,a529c3306d6db3923eb55451562c5a1eb4886861c45b390cddfdfc6f70db6a45,Logitech,visible,H16,16,8,"=IF(D16="""",""x"",IFERROR(FLOOR((D16*(1+#REF!/100)+IF(ISNUMBER(#REF!),#REF!,0))*1000000,50000),""x""))","=IF(RC[-4]="""",""x"",IFERROR(FLOOR((RC[-4]*(1+#REF!/100)+IF(ISNUMBER(#REF!),#REF!,0))*1000000,50000),""x""))",x,text,#REF!,True,"[""Logitech""]","[{""sheet"":""Logitech"",""range"":""D16"",""raw"":""D16"",""qualified"":""'Logitech'!D16""}]",A9,price_target_candidate,single_source,broken,comparison_not_possible,unknown,"[""missing_channel_pricing_parameters""]",high,
46a69a30318159f5f1767b23,Price List.xlsx,a529c3306d6db3923eb55451562c5a1eb4886861c45b390cddfdfc6f70db6a45,Logitech,visible,H17,17,8,"=IF(D17="""",""x"",IFERROR(FLOOR((D17*(1+#REF!/100)+IF(ISNUMBER(#REF!),#REF!,0))*1000000,50000),""x""))","=IF(RC[-4]="""",""x"",IFERROR(FLOOR((RC[-4]*(1+#REF!/100)+IF(ISNUMBER(#REF!),#REF!,0))*1000000,50000),""x""))",x,text,#REF!,True,"[""Logitech""]","[{""sheet"":""Logitech"",""range"":""D17"",""raw"":""D17"",""qualified"":""'Logitech'!D17""}]",A9,price_target_candidate,single_source,broken,comparison_not_possible,unknown,"[""missing_channel_pricing_parameters""]",high,
2e442f1e589fbd281ce89722,Price List.xlsx,a529c3306d6db3923eb55451562c5a1eb4886861c45b390cddfdfc6f70db6a45,Logitech,visible,H18,18,8,"=IF(D18="""",""x"",IFERROR(FLOOR((D18*(1+#REF!/100)+IF(ISNUMBER(#REF!),#REF!,0))*1000000,50000),""x""))","=IF(RC[-4]="""",""x"",IFERROR(FLOOR((RC[-4]*(1+#REF!/100)+IF(ISNUMBER(#REF!),#REF!,0))*1000000,50000),""x""))",x,text,#REF!,True,"[""Logitech""]","[{""sheet"":""Logitech"",""range"":""D18"",""raw"":""D18"",""qualified"":""'Logitech'!D18""}]",A9,price_target_candidate,single_source,broken,comparison_not_possible,unknown,"[""missing_channel_pricing_parameters""]",high,
776d3f80c8b0670a6e863892,Price List.xlsx,a529c3306d6db3923eb55451562c5a1eb4886861c45b390cddfdfc6f70db6a45,Logitech,visible,H19,19,8,"=IF(D19="""",""x"",IFERROR(FLOOR((D19*(1+#REF!/100)+IF(ISNUMBER(#REF!),#REF!,0))*1000000,50000),""x""))","=IF(RC[-4]="""",""x"",IFERROR(FLOOR((RC[-4]*(1+#REF!/100)+IF(ISNUMBER(#REF!),#REF!,0))*1000000,50000),""x""))",x,text,#REF!,True,"[""Logitech""]","[{""sheet"":""Logitech"",""range"":""D19"",""raw"":""D19"",""qualified"":""'Logitech'!D19""}]",A9,price_target_candidate,single_source,broken,comparison_not_possible,unknown,"[""missing_channel_pricing_parameters""]",high,
c890310d8a8f44c66bac36f0,Price List.xlsx,a529c3306d6db3923eb55451562c5a1eb4886861c45b390cddfdfc6f70db6a45,Logitech,visible,H20,20,8,"=IF(D20="""",""x"",IFERROR(FLOOR((D20*(1+#REF!/100)+IF(ISNUMBER(#REF!),#REF!,0))*1000000,50000),""x""))","=IF(RC[-4]="""",""x"",IFERROR(FLOOR((RC[-4]*(1+#REF!/100)+IF(ISNUMBER(#REF!),#REF!,0))*1000000,50000),""x""))",x,text,#REF!,True,"[""Logitech""]","[{""sheet"":""Logitech"",""range"":""D20"",""raw"":""D20"",""qualified"":""'Logitech'!D20""}]",A9,price_target_candidate,single_source,broken,comparison_not_possible,unknown,"[""missing_channel_pricing_parameters""]",high,
cb9141c0b1e57edbf02720c9,Price List.xlsx,a529c3306d6db3923eb55451562c5a1eb4886861c45b390cddfdfc6f70db6a45,Logitech,visible,H21,21,8,"=IF(D21="""",""x"",IFERROR(FLOOR((D21*(1+#REF!/100)+IF(ISNUMBER(#REF!),#REF!,0))*1000000,50000),""x""))","=IF(RC[-4]="""",""x"",IFERROR(FLOOR((RC[-4]*(1+#REF!/100)+IF(ISNUMBER(#REF!),#REF!,0))*1000000,50000),""x""))",x,text,#REF!,True,"[""Logitech""]","[{""sheet"":""Logitech"",""range"":""D21"",""raw"":""D21"",""qualified"":""'Logitech'!D21""}]",A9,price_target_candidate,single_source,broken,comparison_not_possible,unknown,"[""missing_channel_pricing_parameters""]",high,
8761e7535cff17342b20455a,Price List.xlsx,a529c3306d6db3923eb55451562c5a1eb4886861c45b390cddfdfc6f70db6a45,Logitech,visible,H22,22,8,"=IF(D22="""",""x"",IFERROR(FLOOR((D22*(1+#REF!/100)+IF(ISNUMBER(#REF!),#REF!,0))*1000000,50000),""x""))","=IF(RC[-4]="""",""x"",IFERROR(FLOOR((RC[-4]*(1+#REF!/100)+IF(ISNUMBER(#REF!),#REF!,0))*1000000,50000),""x""))",x,text,#REF!,True,"[""Logitech""]","[{""sheet"":""Logitech"",""range"":""D22"",""raw"":""D22"",""qualified"":""'Logitech'!D22""}]",A9,price_target_candidate,single_source,broken,comparison_not_possible,unknown,"[""missing_channel_pricing_parameters""]",high,
4ce0a0221e4f28c5ceb3ff9a,Price List.xlsx,a529c3306d6db3923eb55451562c5a1eb4886861c45b390cddfdfc6f70db6a45,Logitech,visible,H23,23,8,"=IF(D23="""",""x"",IFERROR(FLOOR((D23*(1+#REF!/100)+IF(ISNUMBER(#REF!),#REF!,0))*1000000,50000),""x""))","=IF(RC[-4]="""",""x"",IFERROR(FLOOR((RC[-4]*(1+#REF!/100)+IF(ISNUMBER(#REF!),#REF!,0))*1000000,50000),""x""))",x,text,#REF!,True,"[""Logitech""]","[{""sheet"":""Logitech"",""range"":""D23"",""raw"":""D23"",""qualified"":""'Logitech'!D23""}]",A9,price_target_candidate,single_source,broken,comparison_not_possible,unknown,"[""missing_channel_pricing_parameters""]",high,
c8d1febfd4ce8f1e0b45d712,Price List.xlsx,a529c3306d6db3923eb55451562c5a1eb4886861c45b390cddfdfc6f70db6a45,Logitech,visible,H24,24,8,"=IF(D24="""",""x"",IFERROR(FLOOR((D24*(1+#REF!/100)+IF(ISNUMBER(#REF!),#REF!,0))*1000000,50000),""x""))","=IF(RC[-4]="""",""x"",IFERROR(FLOOR((RC[-4]*(1+#REF!/100)+IF(ISNUMBER(#REF!),#REF!,0))*1000000,50000),""x""))",x,text,#REF!,True,"[""Logitech""]","[{""sheet"":""Logitech"",""range"":""D24"",""raw"":""D24"",""qualified"":""'Logitech'!D24""}]",A9,price_target_candidate,single_source,broken,comparison_not_possible,unknown,"[""missing_channel_pricing_parameters""]",high,
4f6ed80bc60b422f6043647f,Price List.xlsx,a529c3306d6db3923eb55451562c5a1eb4886861c45b390cddfdfc6f70db6a45,Logitech,visible,H25,25,8,"=IF(D25="""",""x"",IFERROR(FLOOR((D25*(1+#REF!/100)+IF(ISNUMBER(#REF!),#REF!,0))*1000000,50000),""x""))","=IF(RC[-4]="""",""x"",IFERROR(FLOOR((RC[-4]*(1+#REF!/100)+IF(ISNUMBER(#REF!),#REF!,0))*1000000,50000),""x""))",x,text,#REF!,True,"[""Logitech""]","[{""sheet"":""Logitech"",""range"":""D25"",""raw"":""D25"",""qualified"":""'Logitech'!D25""}]",A9,price_target_candidate,single_source,broken,comparison_not_possible,unknown,"[""missing_channel_pricing_parameters""]",high,
53b308c673fd5811a126b536,Price List.xlsx,a529c3306d6db3923eb55451562c5a1eb4886861c45b390cddfdfc6f70db6a45,Logitech,visible,H26,26,8,"=IF(D26="""",""x"",IFERROR(FLOOR((D26*(1+#REF!/100)+IF(ISNUMBER(#REF!),#REF!,0))*1000000,50000),""x""))","=IF(RC[-4]="""",""x"",IFERROR(FLOOR((RC[-4]*(1+#REF!/100)+IF(ISNUMBER(#REF!),#REF!,0))*1000000,50000),""x""))",x,text,#REF!,True,"[""Logitech""]","[{""sheet"":""Logitech"",""range"":""D26"",""raw"":""D26"",""qualified"":""'Logitech'!D26""}]",A9,price_target_candidate,single_source,broken,comparison_not_possible,unknown,"[""missing_channel_pricing_parameters""]",high,
22334f05abe8bca877257abb,Price List.xlsx,a529c3306d6db3923eb55451562c5a1eb4886861c45b390cddfdfc6f70db6a45,Logitech,visible,H27,27,8,"=IF(D27="""",""x"",IFERROR(FLOOR((D27*(1+#REF!/100)+IF(ISNUMBER(#REF!),#REF!,0))*1000000,50000),""x""))","=IF(RC[-4]="""",""x"",IFERROR(FLOOR((RC[-4]*(1+#REF!/100)+IF(ISNUMBER(#REF!),#REF!,0))*1000000,50000),""x""))",x,text,#REF!,True,"[""Logitech""]","[{""sheet"":""Logitech"",""range"":""D27"",""raw"":""D27"",""qualified"":""'Logitech'!D27""}]",A9,price_target_candidate,single_source,broken,comparison_not_possible,unknown,"[""missing_channel_pricing_parameters""]",high,
97d2be81948c3a8685632705,Price List.xlsx,a529c3306d6db3923eb55451562c5a1eb4886861c45b390cddfdfc6f70db6a45,Logitech,visible,H28,28,8,"=IF(D28="""",""x"",IFERROR(FLOOR((D28*(1+#REF!/100)+IF(ISNUMBER(#REF!),#REF!,0))*1000000,50000),""x""))","=IF(RC[-4]="""",""x"",IFERROR(FLOOR((RC[-4]*(1+#REF!/100)+IF(ISNUMBER(#REF!),#REF!,0))*1000000,50000),""x""))",x,text,#REF!,True,"[""Logitech""]","[{""sheet"":""Logitech"",""range"":""D28"",""raw"":""D28"",""qualified"":""'Logitech'!D28""}]",A9,price_target_candidate,single_source,broken,comparison_not_possible,unknown,"[""missing_channel_pricing_parameters""]",high,
16a7ca07990e1c527b6dfc2e,Price List.xlsx,a529c3306d6db3923eb55451562c5a1eb4886861c45b390cddfdfc6f70db6a45,Logitech,visible,H29,29,8,"=IF(D29="""",""x"",IFERROR(FLOOR((D29*(1+#REF!/100)+IF(ISNUMBER(#REF!),#REF!,0))*1000000,50000),""x""))","=IF(RC[-4]="""",""x"",IFERROR(FLOOR((RC[-4]*(1+#REF!/100)+IF(ISNUMBER(#REF!),#REF!,0))*1000000,50000),""x""))",x,text,#REF!,True,"[""Logitech""]","[{""sheet"":""Logitech"",""range"":""D29"",""raw"":""D29"",""qualified"":""'Logitech'!D29""}]",A9,price_target_candidate,single_source,broken,comparison_not_possible,unknown,"[""missing_channel_pricing_parameters""]",high,
a335895aea7d0135cef56313,Price List.xlsx,a529c3306d6db3923eb55451562c5a1eb4886861c45b390cddfdfc6f70db6a45,Logitech,visible,H30,30,8,"=IF(D30="""",""x"",IFERROR(FLOOR((D30*(1+#REF!/100)+IF(ISNUMBER(#REF!),#REF!,0))*1000000,50000),""x""))","=IF(RC[-4]="""",""x"",IFERROR(FLOOR((RC[-4]*(1+#REF!/100)+IF(ISNUMBER(#REF!),#REF!,0))*1000000,50000),""x""))",x,text,#REF!,True,"[""Logitech""]","[{""sheet"":""Logitech"",""range"":""D30"",""raw"":""D30"",""qualified"":""'Logitech'!D30""}]",A9,price_target_candidate,single_source,broken,comparison_not_possible,unknown,"[""missing_channel_pricing_parameters""]",high,
487b91cd51ded006b7278506,Price List.xlsx,a529c3306d6db3923eb55451562c5a1eb4886861c45b390cddfdfc6f70db6a45,Logitech,visible,H31,31,8,"=IF(D31="""",""x"",IFERROR(FLOOR((D31*(1+#REF!/100)+IF(ISNUMBER(#REF!),#REF!,0))*1000000,50000),""x""))","=IF(RC[-4]="""",""x"",IFERROR(FLOOR((RC[-4]*(1+#REF!/100)+IF(ISNUMBER(#REF!),#REF!,0))*1000000,50000),""x""))",x,text,#REF!,True,"[""Logitech""]","[{""sheet"":""Logitech"",""range"":""D31"",""raw"":""D31"",""qualified"":""'Logitech'!D31""}]",A9,price_target_candidate,single_source,broken,comparison_not_possible,unknown,"[""missing_channel_pricing_parameters""]",high,
222afb4ba20b61c992fcd5c9,Price List.xlsx,a529c3306d6db3923eb55451562c5a1eb4886861c45b390cddfdfc6f70db6a45,Logitech,visible,H32,32,8,"=IF(D32="""",""x"",IFERROR(FLOOR((D32*(1+#REF!/100)+IF(ISNUMBER(#REF!),#REF!,0))*1000000,50000),""x""))","=IF(RC[-4]="""",""x"",IFERROR(FLOOR((RC[-4]*(1+#REF!/100)+IF(ISNUMBER(#REF!),#REF!,0))*1000000,50000),""x""))",x,text,#REF!,True,"[""Logitech""]","[{""sheet"":""Logitech"",""range"":""D32"",""raw"":""D32"",""qualified"":""'Logitech'!D32""}]",A9,price_target_candidate,single_source,broken,comparison_not_possible,unknown,"[""missing_channel_pricing_parameters""]",high,
76325952c5dbb7833db87e67,Price List.xlsx,a529c3306d6db3923eb55451562c5a1eb4886861c45b390cddfdfc6f70db6a45,Logitech,visible,H33,33,8,"=IF(D33="""",""x"",IFERROR(FLOOR((D33*(1+#REF!/100)+IF(ISNUMBER(#REF!),#REF!,0))*1000000,50000),""x""))","=IF(RC[-4]="""",""x"",IFERROR(FLOOR((RC[-4]*(1+#REF!/100)+IF(ISNUMBER(#REF!),#REF!,0))*1000000,50000),""x""))",x,text,#REF!,True,"[""Logitech""]","[{""sheet"":""Logitech"",""range"":""D33"",""raw"":""D33"",""qualified"":""'Logitech'!D33""}]",A9,price_target_candidate,single_source,broken,comparison_not_possible,unknown,"[""missing_channel_pricing_parameters""]",high,
f4e03f77b33446185e381f8f,Price List.xlsx,a529c3306d6db3923eb55451562c5a1eb4886861c45b390cddfdfc6f70db6a45,Logitech,visible,H34,34,8,"=IF(D34="""",""x"",IFERROR(FLOOR((D34*(1+#REF!/100)+IF(ISNUMBER(#REF!),#REF!,0))*1000000,50000),""x""))","=IF(RC[-4]="""",""x"",IFERROR(FLOOR((RC[-4]*(1+#REF!/100)+IF(ISNUMBER(#REF!),#REF!,0))*1000000,50000),""x""))",x,text,#REF!,True,"[""Logitech""]","[{""sheet"":""Logitech"",""range"":""D34"",""raw"":""D34"",""qualified"":""'Logitech'!D34""}]",A9,price_target_candidate,single_source,broken,comparison_not_possible,unknown,"[""missing_channel_pricing_parameters""]",high,
681b4350256f0031aefd9aa1,Price List.xlsx,a529c3306d6db3923eb55451562c5a1eb4886861c45b390cddfdfc6f70db6a45,Logitech,visible,H35,35,8,"=IF(D35="""",""x"",IFERROR(FLOOR((D35*(1+#REF!/100)+IF(ISNUMBER(#REF!),#REF!,0))*1000000,50000),""x""))","=IF(RC[-4]="""",""x"",IFERROR(FLOOR((RC[-4]*(1+#REF!/100)+IF(ISNUMBER(#REF!),#REF!,0))*1000000,50000),""x""))",x,text,#REF!,True,"[""Logitech""]","[{""sheet"":""Logitech"",""range"":""D35"",""raw"":""D35"",""qualified"":""'Logitech'!D35""}]",A9,price_target_candidate,single_source,broken,comparison_not_possible,unknown,"[""missing_channel_pricing_parameters""]",high,
d6595a8364f54dab4170386e,Price List.xlsx,a529c3306d6db3923eb55451562c5a1eb4886861c45b390cddfdfc6f70db6a45,Logitech,visible,H36,36,8,"=IF(D36="""",""x"",IFERROR(FLOOR((D36*(1+#REF!/100)+IF(ISNUMBER(#REF!),#REF!,0))*1000000,50000),""x""))","=IF(RC[-4]="""",""x"",IFERROR(FLOOR((RC[-4]*(1+#REF!/100)+IF(ISNUMBER(#REF!),#REF!,0))*1000000,50000),""x""))",x,text,#REF!,True,"[""Logitech""]","[{""sheet"":""Logitech"",""range"":""D36"",""raw"":""D36"",""qualified"":""'Logitech'!D36""}]",A9,price_target_candidate,single_source,broken,comparison_not_possible,unknown,"[""missing_channel_pricing_parameters""]",high,
ab4d4a32fdfa7faecf3a3e16,Price List.xlsx,a529c3306d6db3923eb55451562c5a1eb4886861c45b390cddfdfc6f70db6a45,Logitech,visible,H37,37,8,"=IF(D37="""",""x"",IFERROR(FLOOR((D37*(1+#REF!/100)+IF(ISNUMBER(#REF!),#REF!,0))*1000000,50000),""x""))","=IF(RC[-4]="""",""x"",IFERROR(FLOOR((RC[-4]*(1+#REF!/100)+IF(ISNUMBER(#REF!),#REF!,0))*1000000,50000),""x""))",x,text,#REF!,True,"[""Logitech""]","[{""sheet"":""Logitech"",""range"":""D37"",""raw"":""D37"",""qualified"":""'Logitech'!D37""}]",A9,price_target_candidate,single_source,broken,comparison_not_possible,unknown,"[""missing_channel_pricing_parameters""]",high,
aa405b60e491212d96a183e1,Price List.xlsx,a529c3306d6db3923eb55451562c5a1eb4886861c45b390cddfdfc6f70db6a45,Logitech,visible,H38,38,8,"=IF(D38="""",""x"",IFERROR(FLOOR((D38*(1+#REF!/100)+IF(ISNUMBER(#REF!),#REF!,0))*1000000,50000),""x""))","=IF(RC[-4]="""",""x"",IFERROR(FLOOR((RC[-4]*(1+#REF!/100)+IF(ISNUMBER(#REF!),#REF!,0))*1000000,50000),""x""))",x,text,#REF!,True,"[""Logitech""]","[{""sheet"":""Logitech"",""range"":""D38"",""raw"":""D38"",""qualified"":""'Logitech'!D38""}]",A9,price_target_candidate,single_source,broken,comparison_not_possible,unknown,"[""missing_channel_pricing_parameters""]",high,
c6cb9dabed77923a32e25440,Price List.xlsx,a529c3306d6db3923eb55451562c5a1eb4886861c45b390cddfdfc6f70db6a45,Logitech,visible,H39,39,8,"=IF(D39="""",""x"",IFERROR(FLOOR((D39*(1+#REF!/100)+IF(ISNUMBER(#REF!),#REF!,0))*1000000,50000),""x""))","=IF(RC[-4]="""",""x"",IFERROR(FLOOR((RC[-4]*(1+#REF!/100)+IF(ISNUMBER(#REF!),#REF!,0))*1000000,50000),""x""))",x,text,#REF!,True,"[""Logitech""]","[{""sheet"":""Logitech"",""range"":""D39"",""raw"":""D39"",""qualified"":""'Logitech'!D39""}]",A9,price_target_candidate,single_source,broken,comparison_not_possible,unknown,"[""missing_channel_pricing_parameters""]",high,
93eff98dc8b118bd01fc22a8,Price List.xlsx,a529c3306d6db3923eb55451562c5a1eb4886861c45b390cddfdfc6f70db6a45,Logitech,visible,H40,40,8,"=IF(D40="""",""x"",IFERROR(FLOOR((D40*(1+#REF!/100)+IF(ISNUMBER(#REF!),#REF!,0))*1000000,50000),""x""))","=IF(RC[-4]="""",""x"",IFERROR(FLOOR((RC[-4]*(1+#REF!/100)+IF(ISNUMBER(#REF!),#REF!,0))*1000000,50000),""x""))",x,text,#REF!,True,"[""Logitech""]","[{""sheet"":""Logitech"",""range"":""D40"",""raw"":""D40"",""qualified"":""'Logitech'!D40""}]",A9,price_target_candidate,single_source,broken,comparison_not_possible,unknown,"[""missing_channel_pricing_parameters""]",high,
a58513962e42f4ce65245103,Price List.xlsx,a529c3306d6db3923eb55451562c5a1eb4886861c45b390cddfdfc6f70db6a45,Logitech,visible,H41,41,8,"=IF(D41="""",""x"",IFERROR(FLOOR((D41*(1+#REF!/100)+IF(ISNUMBER(#REF!),#REF!,0))*1000000,50000),""x""))","=IF(RC[-4]="""",""x"",IFERROR(FLOOR((RC[-4]*(1+#REF!/100)+IF(ISNUMBER(#REF!),#REF!,0))*1000000,50000),""x""))",x,text,#REF!,True,"[""Logitech""]","[{""sheet"":""Logitech"",""range"":""D41"",""raw"":""D41"",""qualified"":""'Logitech'!D41""}]",A9,price_target_candidate,single_source,broken,comparison_not_possible,unknown,"[""missing_channel_pricing_parameters""]",high,
1c94acdb108d69aae54e03b9,Price List.xlsx,a529c3306d6db3923eb55451562c5a1eb4886861c45b390cddfdfc6f70db6a45,Logitech,visible,H42,42,8,"=IF(D42="""",""x"",IFERROR(FLOOR((D42*(1+#REF!/100)+IF(ISNUMBER(#REF!),#REF!,0))*1000000,50000),""x""))","=IF(RC[-4]="""",""x"",IFERROR(FLOOR((RC[-4]*(1+#REF!/100)+IF(ISNUMBER(#REF!),#REF!,0))*1000000,50000),""x""))",x,text,#REF!,True,"[""Logitech""]","[{""sheet"":""Logitech"",""range"":""D42"",""raw"":""D42"",""qualified"":""'Logitech'!D42""}]",A9,price_target_candidate,single_source,broken,comparison_not_possible,unknown,"[""missing_channel_pricing_parameters""]",high,
cdefae66e9125c02753267b2,Price List.xlsx,a529c3306d6db3923eb55451562c5a1eb4886861c45b390cddfdfc6f70db6a45,Logitech,visible,H43,43,8,"=IF(D43="""",""x"",IFERROR(FLOOR((D43*(1+#REF!/100)+IF(ISNUMBER(#REF!),#REF!,0))*1000000,50000),""x""))","=IF(RC[-4]="""",""x"",IFERROR(FLOOR((RC[-4]*(1+#REF!/100)+IF(ISNUMBER(#REF!),#REF!,0))*1000000,50000),""x""))",x,text,#REF!,True,"[""Logitech""]","[{""sheet"":""Logitech"",""range"":""D43"",""raw"":""D43"",""qualified"":""'Logitech'!D43""}]",A9,price_target_candidate,single_source,broken,comparison_not_possible,unknown,"[""missing_channel_pricing_parameters""]",high,
77f0b6cd9543b5682c530263,Price List.xlsx,a529c3306d6db3923eb55451562c5a1eb4886861c45b390cddfdfc6f70db6a45,Logitech,visible,H44,44,8,"=IF(D44="""",""x"",IFERROR(FLOOR((D44*(1+#REF!/100)+IF(ISNUMBER(#REF!),#REF!,0))*1000000,50000),""x""))","=IF(RC[-4]="""",""x"",IFERROR(FLOOR((RC[-4]*(1+#REF!/100)+IF(ISNUMBER(#REF!),#REF!,0))*1000000,50000),""x""))",x,text,#REF!,True,"[""Logitech""]","[{""sheet"":""Logitech"",""range"":""D44"",""raw"":""D44"",""qualified"":""'Logitech'!D44""}]",A9,price_target_candidate,single_source,broken,comparison_not_possible,unknown,"[""missing_channel_pricing_parameters""]",high,
7a34937bfd1d75d54ffae8b8,Price List.xlsx,a529c3306d6db3923eb55451562c5a1eb4886861c45b390cddfdfc6f70db6a45,Logitech,visible,H45,45,8,"=IF(D45="""",""x"",IFERROR(FLOOR((D45*(1+#REF!/100)+IF(ISNUMBER(#REF!),#REF!,0))*1000000,50000),""x""))","=IF(RC[-4]="""",""x"",IFERROR(FLOOR((RC[-4]*(1+#REF!/100)+IF(ISNUMBER(#REF!),#REF!,0))*1000000,50000),""x""))",x,text,#REF!,True,"[""Logitech""]","[{""sheet"":""Logitech"",""range"":""D45"",""raw"":""D45"",""qualified"":""'Logitech'!D45""}]",A9,price_target_candidate,single_source,broken,comparison_not_possible,unknown,"[""missing_channel_pricing_parameters""]",high,
3bd6703b9ce476d4c90f14b4,Price List.xlsx,a529c3306d6db3923eb55451562c5a1eb4886861c45b390cddfdfc6f70db6a45,Logitech,visible,H46,46,8,"=IF(D46="""",""x"",IFERROR(FLOOR((D46*(1+#REF!/100)+IF(ISNUMBER(#REF!),#REF!,0))*1000000,50000),""x""))","=IF(RC[-4]="""",""x"",IFERROR(FLOOR((RC[-4]*(1+#REF!/100)+IF(ISNUMBER(#REF!),#REF!,0))*1000000,50000),""x""))",x,text,#REF!,True,"[""Logitech""]","[{""sheet"":""Logitech"",""range"":""D46"",""raw"":""D46"",""qualified"":""'Logitech'!D46""}]",A9,price_target_candidate,single_source,broken,comparison_not_possible,unknown,"[""missing_channel_pricing_parameters""]",high,
f4a239767c072bd82733098c,Price List.xlsx,a529c3306d6db3923eb55451562c5a1eb4886861c45b390cddfdfc6f70db6a45,Logitech,visible,H47,47,8,"=IF(D47="""",""x"",IFERROR(FLOOR((D47*(1+#REF!/100)+IF(ISNUMBER(#REF!),#REF!,0))*1000000,50000),""x""))","=IF(RC[-4]="""",""x"",IFERROR(FLOOR((RC[-4]*(1+#REF!/100)+IF(ISNUMBER(#REF!),#REF!,0))*1000000,50000),""x""))",x,text,#REF!,True,"[""Logitech""]","[{""sheet"":""Logitech"",""range"":""D47"",""raw"":""D47"",""qualified"":""'Logitech'!D47""}]",A9,price_target_candidate,single_source,broken,comparison_not_possible,unknown,"[""missing_channel_pricing_parameters""]",high,
2160ccdc1cbe73724cc59be0,Price List.xlsx,a529c3306d6db3923eb55451562c5a1eb4886861c45b390cddfdfc6f70db6a45,Logitech,visible,H48,48,8,"=IF(D48="""",""x"",IFERROR(FLOOR((D48*(1+#REF!/100)+IF(ISNUMBER(#REF!),#REF!,0))*1000000,50000),""x""))","=IF(RC[-4]="""",""x"",IFERROR(FLOOR((RC[-4]*(1+#REF!/100)+IF(ISNUMBER(#REF!),#REF!,0))*1000000,50000),""x""))",x,text,#REF!,True,"[""Logitech""]","[{""sheet"":""Logitech"",""range"":""D48"",""raw"":""D48"",""qualified"":""'Logitech'!D48""}]",A9,price_target_candidate,single_source,broken,comparison_not_possible,unknown,"[""missing_channel_pricing_parameters""]",high,
b00ca76fc08648fbfa3324a1,Price List.xlsx,a529c3306d6db3923eb55451562c5a1eb4886861c45b390cddfdfc6f70db6a45,Logitech,visible,H49,49,8,"=IF(D49="""",""x"",IFERROR(FLOOR((D49*(1+#REF!/100)+IF(ISNUMBER(#REF!),#REF!,0))*1000000,50000),""x""))","=IF(RC[-4]="""",""x"",IFERROR(FLOOR((RC[-4]*(1+#REF!/100)+IF(ISNUMBER(#REF!),#REF!,0))*1000000,50000),""x""))",x,text,#REF!,True,"[""Logitech""]","[{""sheet"":""Logitech"",""range"":""D49"",""raw"":""D49"",""qualified"":""'Logitech'!D49""}]",A9,price_target_candidate,single_source,broken,comparison_not_possible,unknown,"[""missing_channel_pricing_parameters""]",high,
47ce57fd1c698518cd75ce31,Price List.xlsx,a529c3306d6db3923eb55451562c5a1eb4886861c45b390cddfdfc6f70db6a45,Logitech,visible,H50,50,8,"=IF(D50="""",""x"",IFERROR(FLOOR((D50*(1+#REF!/100)+IF(ISNUMBER(#REF!),#REF!,0))*1000000,50000),""x""))","=IF(RC[-4]="""",""x"",IFERROR(FLOOR((RC[-4]*(1+#REF!/100)+IF(ISNUMBER(#REF!),#REF!,0))*1000000,50000),""x""))",x,text,#REF!,True,"[""Logitech""]","[{""sheet"":""Logitech"",""range"":""D50"",""raw"":""D50"",""qualified"":""'Logitech'!D50""}]",A9,price_target_candidate,single_source,broken,comparison_not_possible,unknown,"[""missing_channel_pricing_parameters""]",high,
61c110930d13071e907b7d0d,Price List.xlsx,a529c3306d6db3923eb55451562c5a1eb4886861c45b390cddfdfc6f70db6a45,Logitech,visible,H51,51,8,"=IF(D51="""",""x"",IFERROR(FLOOR((D51*(1+#REF!/100)+IF(ISNUMBER(#REF!),#REF!,0))*1000000,50000),""x""))","=IF(RC[-4]="""",""x"",IFERROR(FLOOR((RC[-4]*(1+#REF!/100)+IF(ISNUMBER(#REF!),#REF!,0))*1000000,50000),""x""))",x,text,#REF!,True,"[""Logitech""]","[{""sheet"":""Logitech"",""range"":""D51"",""raw"":""D51"",""qualified"":""'Logitech'!D51""}]",A9,price_target_candidate,single_source,broken,comparison_not_possible,unknown,"[""missing_channel_pricing_parameters""]",high,
f8d2af65531496a4ae0512de,Price List.xlsx,a529c3306d6db3923eb55451562c5a1eb4886861c45b390cddfdfc6f70db6a45,Logitech,visible,H52,52,8,"=IF(D52="""",""x"",IFERROR(FLOOR((D52*(1+#REF!/100)+IF(ISNUMBER(#REF!),#REF!,0))*1000000,50000),""x""))","=IF(RC[-4]="""",""x"",IFERROR(FLOOR((RC[-4]*(1+#REF!/100)+IF(ISNUMBER(#REF!),#REF!,0))*1000000,50000),""x""))",x,text,#REF!,True,"[""Logitech""]","[{""sheet"":""Logitech"",""range"":""D52"",""raw"":""D52"",""qualified"":""'Logitech'!D52""}]",A9,price_target_candidate,single_source,broken,comparison_not_possible,unknown,"[""missing_channel_pricing_parameters""]",high,
912b905606552ac62d68798f,Price List.xlsx,a529c3306d6db3923eb55451562c5a1eb4886861c45b390cddfdfc6f70db6a45,Logitech,visible,H53,53,8,"=IF(D53="""",""x"",IFERROR(FLOOR((D53*(1+#REF!/100)+IF(ISNUMBER(#REF!),#REF!,0))*1000000,50000),""x""))","=IF(RC[-4]="""",""x"",IFERROR(FLOOR((RC[-4]*(1+#REF!/100)+IF(ISNUMBER(#REF!),#REF!,0))*1000000,50000),""x""))",x,text,#REF!,True,"[""Logitech""]","[{""sheet"":""Logitech"",""range"":""D53"",""raw"":""D53"",""qualified"":""'Logitech'!D53""}]",A9,price_target_candidate,single_source,broken,comparison_not_possible,unknown,"[""missing_channel_pricing_parameters""]",high,
fdbe3b6c8d0fc29cd7d79aeb,Price List.xlsx,a529c3306d6db3923eb55451562c5a1eb4886861c45b390cddfdfc6f70db6a45,Logitech,visible,H54,54,8,"=IF(D54="""",""x"",IFERROR(FLOOR((D54*(1+#REF!/100)+IF(ISNUMBER(#REF!),#REF!,0))*1000000,50000),""x""))","=IF(RC[-4]="""",""x"",IFERROR(FLOOR((RC[-4]*(1+#REF!/100)+IF(ISNUMBER(#REF!),#REF!,0))*1000000,50000),""x""))",x,text,#REF!,True,"[""Logitech""]","[{""sheet"":""Logitech"",""range"":""D54"",""raw"":""D54"",""qualified"":""'Logitech'!D54""}]",A9,price_target_candidate,single_source,broken,comparison_not_possible,unknown,"[""missing_channel_pricing_parameters""]",high,
53488e669e75b4282826f298,Price List.xlsx,a529c3306d6db3923eb55451562c5a1eb4886861c45b390cddfdfc6f70db6a45,Logitech,visible,H55,55,8,"=IF(D55="""",""x"",IFERROR(FLOOR((D55*(1+#REF!/100)+IF(ISNUMBER(#REF!),#REF!,0))*1000000,50000),""x""))","=IF(RC[-4]="""",""x"",IFERROR(FLOOR((RC[-4]*(1+#REF!/100)+IF(ISNUMBER(#REF!),#REF!,0))*1000000,50000),""x""))",x,text,#REF!,True,"[""Logitech""]","[{""sheet"":""Logitech"",""range"":""D55"",""raw"":""D55"",""qualified"":""'Logitech'!D55""}]",A9,price_target_candidate,single_source,broken,comparison_not_possible,unknown,"[""missing_channel_pricing_parameters""]",high,
b724d224d89e783158831716,Price List.xlsx,a529c3306d6db3923eb55451562c5a1eb4886861c45b390cddfdfc6f70db6a45,Logitech,visible,H56,56,8,"=IF(D56="""",""x"",IFERROR(FLOOR((D56*(1+#REF!/100)+IF(ISNUMBER(#REF!),#REF!,0))*1000000,50000),""x""))","=IF(RC[-4]="""",""x"",IFERROR(FLOOR((RC[-4]*(1+#REF!/100)+IF(ISNUMBER(#REF!),#REF!,0))*1000000,50000),""x""))",x,text,#REF!,True,"[""Logitech""]","[{""sheet"":""Logitech"",""range"":""D56"",""raw"":""D56"",""qualified"":""'Logitech'!D56""}]",A9,price_target_candidate,single_source,broken,comparison_not_possible,unknown,"[""missing_channel_pricing_parameters""]",high,
f4e719e65264dfc501bbbd1a,Price List.xlsx,a529c3306d6db3923eb55451562c5a1eb4886861c45b390cddfdfc6f70db6a45,Logitech,visible,H57,57,8,"=IF(D57="""",""x"",IFERROR(FLOOR((D57*(1+#REF!/100)+IF(ISNUMBER(#REF!),#REF!,0))*1000000,50000),""x""))","=IF(RC[-4]="""",""x"",IFERROR(FLOOR((RC[-4]*(1+#REF!/100)+IF(ISNUMBER(#REF!),#REF!,0))*1000000,50000),""x""))",x,text,#REF!,True,"[""Logitech""]","[{""sheet"":""Logitech"",""range"":""D57"",""raw"":""D57"",""qualified"":""'Logitech'!D57""}]",A9,price_target_candidate,single_source,broken,comparison_not_possible,unknown,"[""missing_channel_pricing_parameters""]",high,
7256240fb522b67ae798a8aa,Price List.xlsx,a529c3306d6db3923eb55451562c5a1eb4886861c45b390cddfdfc6f70db6a45,Logitech,visible,H58,58,8,"=IF(D58="""",""x"",IFERROR(FLOOR((D58*(1+#REF!/100)+IF(ISNUMBER(#REF!),#REF!,0))*1000000,50000),""x""))","=IF(RC[-4]="""",""x"",IFERROR(FLOOR((RC[-4]*(1+#REF!/100)+IF(ISNUMBER(#REF!),#REF!,0))*1000000,50000),""x""))",x,text,#REF!,True,"[""Logitech""]","[{""sheet"":""Logitech"",""range"":""D58"",""raw"":""D58"",""qualified"":""'Logitech'!D58""}]",A9,price_target_candidate,single_source,broken,comparison_not_possible,unknown,"[""missing_channel_pricing_parameters""]",high,
d02cd431e6555112a1128a04,Price List.xlsx,a529c3306d6db3923eb55451562c5a1eb4886861c45b390cddfdfc6f70db6a45,Logitech,visible,H59,59,8,"=IF(D59="""",""x"",IFERROR(FLOOR((D59*(1+#REF!/100)+IF(ISNUMBER(#REF!),#REF!,0))*1000000,50000),""x""))","=IF(RC[-4]="""",""x"",IFERROR(FLOOR((RC[-4]*(1+#REF!/100)+IF(ISNUMBER(#REF!),#REF!,0))*1000000,50000),""x""))",x,text,#REF!,True,"[""Logitech""]","[{""sheet"":""Logitech"",""range"":""D59"",""raw"":""D59"",""qualified"":""'Logitech'!D59""}]",A9,price_target_candidate,single_source,broken,comparison_not_possible,unknown,"[""missing_channel_pricing_parameters""]",high,
41f639c7b21562cfd5def1bc,Price List.xlsx,a529c3306d6db3923eb55451562c5a1eb4886861c45b390cddfdfc6f70db6a45,Logitech,visible,H60,60,8,"=IF(D60="""",""x"",IFERROR(FLOOR((D60*(1+#REF!/100)+IF(ISNUMBER(#REF!),#REF!,0))*1000000,50000),""x""))","=IF(RC[-4]="""",""x"",IFERROR(FLOOR((RC[-4]*(1+#REF!/100)+IF(ISNUMBER(#REF!),#REF!,0))*1000000,50000),""x""))",x,text,#REF!,True,"[""Logitech""]","[{""sheet"":""Logitech"",""range"":""D60"",""raw"":""D60"",""qualified"":""'Logitech'!D60""}]",A9,price_target_candidate,single_source,broken,comparison_not_possible,unknown,"[""missing_channel_pricing_parameters""]",high,
c00f6d9547b365819dd941ff,Price List.xlsx,a529c3306d6db3923eb55451562c5a1eb4886861c45b390cddfdfc6f70db6a45,Logitech,visible,H61,61,8,"=IF(D61="""",""x"",IFERROR(FLOOR((D61*(1+#REF!/100)+IF(ISNUMBER(#REF!),#REF!,0))*1000000,50000),""x""))","=IF(RC[-4]="""",""x"",IFERROR(FLOOR((RC[-4]*(1+#REF!/100)+IF(ISNUMBER(#REF!),#REF!,0))*1000000,50000),""x""))",x,text,#REF!,True,"[""Logitech""]","[{""sheet"":""Logitech"",""range"":""D61"",""raw"":""D61"",""qualified"":""'Logitech'!D61""}]",A9,price_target_candidate,single_source,broken,comparison_not_possible,unknown,"[""missing_channel_pricing_parameters""]",high,
f4d5c3d587e8d3c6f5dc595a,Price List.xlsx,a529c3306d6db3923eb55451562c5a1eb4886861c45b390cddfdfc6f70db6a45,Logitech,visible,H62,62,8,"=IF(D62="""",""x"",IFERROR(FLOOR((D62*(1+#REF!/100)+IF(ISNUMBER(#REF!),#REF!,0))*1000000,50000),""x""))","=IF(RC[-4]="""",""x"",IFERROR(FLOOR((RC[-4]*(1+#REF!/100)+IF(ISNUMBER(#REF!),#REF!,0))*1000000,50000),""x""))",x,text,#REF!,True,"[""Logitech""]","[{""sheet"":""Logitech"",""range"":""D62"",""raw"":""D62"",""qualified"":""'Logitech'!D62""}]",A9,price_target_candidate,single_source,broken,comparison_not_possible,unknown,"[""missing_channel_pricing_parameters""]",high,
2cce773c4aa5aaa2b54789e8,Price List.xlsx,a529c3306d6db3923eb55451562c5a1eb4886861c45b390cddfdfc6f70db6a45,Logitech,visible,H63,63,8,"=IF(D63="""",""x"",IFERROR(FLOOR((D63*(1+#REF!/100)+IF(ISNUMBER(#REF!),#REF!,0))*1000000,50000),""x""))","=IF(RC[-4]="""",""x"",IFERROR(FLOOR((RC[-4]*(1+#REF!/100)+IF(ISNUMBER(#REF!),#REF!,0))*1000000,50000),""x""))",x,text,#REF!,True,"[""Logitech""]","[{""sheet"":""Logitech"",""range"":""D63"",""raw"":""D63"",""qualified"":""'Logitech'!D63""}]",A9,price_target_candidate,single_source,broken,comparison_not_possible,unknown,"[""missing_channel_pricing_parameters""]",high,
0263d8237ee8d702a7fcf185,Price List.xlsx,a529c3306d6db3923eb55451562c5a1eb4886861c45b390cddfdfc6f70db6a45,Logitech,visible,H64,64,8,"=IF(D64="""",""x"",IFERROR(FLOOR((D64*(1+#REF!/100)+IF(ISNUMBER(#REF!),#REF!,0))*1000000,50000),""x""))","=IF(RC[-4]="""",""x"",IFERROR(FLOOR((RC[-4]*(1+#REF!/100)+IF(ISNUMBER(#REF!),#REF!,0))*1000000,50000),""x""))",x,text,#REF!,True,"[""Logitech""]","[{""sheet"":""Logitech"",""range"":""D64"",""raw"":""D64"",""qualified"":""'Logitech'!D64""}]",A9,price_target_candidate,single_source,broken,comparison_not_possible,unknown,"[""missing_channel_pricing_parameters""]",high,
00262db39bf94ae2983cca31,Price List.xlsx,a529c3306d6db3923eb55451562c5a1eb4886861c45b390cddfdfc6f70db6a45,Logitech,visible,H65,65,8,"=IF(D65="""",""x"",IFERROR(FLOOR((D65*(1+#REF!/100)+IF(ISNUMBER(#REF!),#REF!,0))*1000000,50000),""x""))","=IF(RC[-4]="""",""x"",IFERROR(FLOOR((RC[-4]*(1+#REF!/100)+IF(ISNUMBER(#REF!),#REF!,0))*1000000,50000),""x""))",x,text,#REF!,True,"[""Logitech""]","[{""sheet"":""Logitech"",""range"":""D65"",""raw"":""D65"",""qualified"":""'Logitech'!D65""}]",A9,price_target_candidate,single_source,broken,comparison_not_possible,unknown,"[""missing_channel_pricing_parameters""]",high,
a1247c63880999e6aa2dbe67,Price List.xlsx,a529c3306d6db3923eb55451562c5a1eb4886861c45b390cddfdfc6f70db6a45,Logitech,visible,H66,66,8,"=IF(D66="""",""x"",IFERROR(FLOOR((D66*(1+#REF!/100)+IF(ISNUMBER(#REF!),#REF!,0))*1000000,50000),""x""))","=IF(RC[-4]="""",""x"",IFERROR(FLOOR((RC[-4]*(1+#REF!/100)+IF(ISNUMBER(#REF!),#REF!,0))*1000000,50000),""x""))",x,text,#REF!,True,"[""Logitech""]","[{""sheet"":""Logitech"",""range"":""D66"",""raw"":""D66"",""qualified"":""'Logitech'!D66""}]",A9,price_target_candidate,single_source,broken,comparison_not_possible,unknown,"[""missing_channel_pricing_parameters""]",high,
b99fe2ef768920e19f9c5761,Price List.xlsx,a529c3306d6db3923eb55451562c5a1eb4886861c45b390cddfdfc6f70db6a45,Logitech,visible,H67,67,8,"=IF(D67="""",""x"",IFERROR(FLOOR((D67*(1+#REF!/100)+IF(ISNUMBER(#REF!),#REF!,0))*1000000,50000),""x""))","=IF(RC[-4]="""",""x"",IFERROR(FLOOR((RC[-4]*(1+#REF!/100)+IF(ISNUMBER(#REF!),#REF!,0))*1000000,50000),""x""))",x,text,#REF!,True,"[""Logitech""]","[{""sheet"":""Logitech"",""range"":""D67"",""raw"":""D67"",""qualified"":""'Logitech'!D67""}]",A9,price_target_candidate,single_source,broken,comparison_not_possible,unknown,"[""missing_channel_pricing_parameters""]",high,
e9a3315877503cea20868fd6,Price List.xlsx,a529c3306d6db3923eb55451562c5a1eb4886861c45b390cddfdfc6f70db6a45,Logitech,visible,H68,68,8,"=IF(D68="""",""x"",IFERROR(FLOOR((D68*(1+#REF!/100)+IF(ISNUMBER(#REF!),#REF!,0))*1000000,50000),""x""))","=IF(RC[-4]="""",""x"",IFERROR(FLOOR((RC[-4]*(1+#REF!/100)+IF(ISNUMBER(#REF!),#REF!,0))*1000000,50000),""x""))",x,text,#REF!,True,"[""Logitech""]","[{""sheet"":""Logitech"",""range"":""D68"",""raw"":""D68"",""qualified"":""'Logitech'!D68""}]",A9,price_target_candidate,single_source,broken,comparison_not_possible,unknown,"[""missing_channel_pricing_parameters""]",high,
3b9ab5811f4f0e3b163dbefe,Price List.xlsx,a529c3306d6db3923eb55451562c5a1eb4886861c45b390cddfdfc6f70db6a45,Logitech,visible,H69,69,8,"=IF(D69="""",""x"",IFERROR(FLOOR((D69*(1+#REF!/100)+IF(ISNUMBER(#REF!),#REF!,0))*1000000,50000),""x""))","=IF(RC[-4]="""",""x"",IFERROR(FLOOR((RC[-4]*(1+#REF!/100)+IF(ISNUMBER(#REF!),#REF!,0))*1000000,50000),""x""))",x,text,#REF!,True,"[""Logitech""]","[{""sheet"":""Logitech"",""range"":""D69"",""raw"":""D69"",""qualified"":""'Logitech'!D69""}]",A9,price_target_candidate,single_source,broken,comparison_not_possible,unknown,"[""missing_channel_pricing_parameters""]",high,
0119a0abbe0a7220e3a0b294,Price List.xlsx,a529c3306d6db3923eb55451562c5a1eb4886861c45b390cddfdfc6f70db6a45,Logitech,visible,H70,70,8,"=IF(D70="""",""x"",IFERROR(FLOOR((D70*(1+#REF!/100)+IF(ISNUMBER(#REF!),#REF!,0))*1000000,50000),""x""))","=IF(RC[-4]="""",""x"",IFERROR(FLOOR((RC[-4]*(1+#REF!/100)+IF(ISNUMBER(#REF!),#REF!,0))*1000000,50000),""x""))",x,text,#REF!,True,"[""Logitech""]","[{""sheet"":""Logitech"",""range"":""D70"",""raw"":""D70"",""qualified"":""'Logitech'!D70""}]",A9,price_target_candidate,single_source,broken,comparison_not_possible,unknown,"[""missing_channel_pricing_parameters""]",high,
f331d741591008fa3f0565a2,Price List.xlsx,a529c3306d6db3923eb55451562c5a1eb4886861c45b390cddfdfc6f70db6a45,Logitech,visible,H71,71,8,"=IF(D71="""",""x"",IFERROR(FLOOR((D71*(1+#REF!/100)+IF(ISNUMBER(#REF!),#REF!,0))*1000000,50000),""x""))","=IF(RC[-4]="""",""x"",IFERROR(FLOOR((RC[-4]*(1+#REF!/100)+IF(ISNUMBER(#REF!),#REF!,0))*1000000,50000),""x""))",x,text,#REF!,True,"[""Logitech""]","[{""sheet"":""Logitech"",""range"":""D71"",""raw"":""D71"",""qualified"":""'Logitech'!D71""}]",A9,price_target_candidate,single_source,broken,comparison_not_possible,unknown,"[""missing_channel_pricing_parameters""]",high,
d00d7e2fdb26208a34271d46,Price List.xlsx,a529c3306d6db3923eb55451562c5a1eb4886861c45b390cddfdfc6f70db6a45,Logitech,visible,H72,72,8,"=IF(D72="""",""x"",IFERROR(FLOOR((D72*(1+#REF!/100)+IF(ISNUMBER(#REF!),#REF!,0))*1000000,50000),""x""))","=IF(RC[-4]="""",""x"",IFERROR(FLOOR((RC[-4]*(1+#REF!/100)+IF(ISNUMBER(#REF!),#REF!,0))*1000000,50000),""x""))",x,text,#REF!,True,"[""Logitech""]","[{""sheet"":""Logitech"",""range"":""D72"",""raw"":""D72"",""qualified"":""'Logitech'!D72""}]",A9,price_target_candidate,single_source,broken,comparison_not_possible,unknown,"[""missing_channel_pricing_parameters""]",high,
899a7218e8fa448e897fc306,Price List.xlsx,a529c3306d6db3923eb55451562c5a1eb4886861c45b390cddfdfc6f70db6a45,Logitech,visible,H73,73,8,"=IF(D73="""",""x"",IFERROR(FLOOR((D73*(1+#REF!/100)+IF(ISNUMBER(#REF!),#REF!,0))*1000000,50000),""x""))","=IF(RC[-4]="""",""x"",IFERROR(FLOOR((RC[-4]*(1+#REF!/100)+IF(ISNUMBER(#REF!),#REF!,0))*1000000,50000),""x""))",x,text,#REF!,True,"[""Logitech""]","[{""sheet"":""Logitech"",""range"":""D73"",""raw"":""D73"",""qualified"":""'Logitech'!D73""}]",A9,price_target_candidate,single_source,broken,comparison_not_possible,unknown,"[""missing_channel_pricing_parameters""]",high,
0f53eea3bf7ae8a759019f66,Price List.xlsx,a529c3306d6db3923eb55451562c5a1eb4886861c45b390cddfdfc6f70db6a45,Logitech,visible,H74,74,8,"=IF(D74="""",""x"",IFERROR(FLOOR((D74*(1+#REF!/100)+IF(ISNUMBER(#REF!),#REF!,0))*1000000,50000),""x""))","=IF(RC[-4]="""",""x"",IFERROR(FLOOR((RC[-4]*(1+#REF!/100)+IF(ISNUMBER(#REF!),#REF!,0))*1000000,50000),""x""))",x,text,#REF!,True,"[""Logitech""]","[{""sheet"":""Logitech"",""range"":""D74"",""raw"":""D74"",""qualified"":""'Logitech'!D74""}]",A9,price_target_candidate,single_source,broken,comparison_not_possible,unknown,"[""missing_channel_pricing_parameters""]",high,
1400e5cbe98e97b0fda517cc,Price List.xlsx,a529c3306d6db3923eb55451562c5a1eb4886861c45b390cddfdfc6f70db6a45,Logitech,visible,H75,75,8,"=IF(D75="""",""x"",IFERROR(FLOOR((D75*(1+#REF!/100)+IF(ISNUMBER(#REF!),#REF!,0))*1000000,50000),""x""))","=IF(RC[-4]="""",""x"",IFERROR(FLOOR((RC[-4]*(1+#REF!/100)+IF(ISNUMBER(#REF!),#REF!,0))*1000000,50000),""x""))",x,text,#REF!,True,"[""Logitech""]","[{""sheet"":""Logitech"",""range"":""D75"",""raw"":""D75"",""qualified"":""'Logitech'!D75""}]",A9,price_target_candidate,single_source,broken,comparison_not_possible,unknown,"[""missing_channel_pricing_parameters""]",high,
ee05da1a4b7ce97dfe684227,Price List.xlsx,a529c3306d6db3923eb55451562c5a1eb4886861c45b390cddfdfc6f70db6a45,Logitech,visible,H76,76,8,"=IF(D76="""",""x"",IFERROR(FLOOR((D76*(1+#REF!/100)+IF(ISNUMBER(#REF!),#REF!,0))*1000000,50000),""x""))","=IF(RC[-4]="""",""x"",IFERROR(FLOOR((RC[-4]*(1+#REF!/100)+IF(ISNUMBER(#REF!),#REF!,0))*1000000,50000),""x""))",x,text,#REF!,True,"[""Logitech""]","[{""sheet"":""Logitech"",""range"":""D76"",""raw"":""D76"",""qualified"":""'Logitech'!D76""}]",A9,price_target_candidate,single_source,broken,comparison_not_possible,unknown,"[""missing_channel_pricing_parameters""]",high,
da81105faf08a108a24c2a75,Price List.xlsx,a529c3306d6db3923eb55451562c5a1eb4886861c45b390cddfdfc6f70db6a45,Logitech,visible,H77,77,8,"=IF(D77="""",""x"",IFERROR(FLOOR((D77*(1+#REF!/100)+IF(ISNUMBER(#REF!),#REF!,0))*1000000,50000),""x""))","=IF(RC[-4]="""",""x"",IFERROR(FLOOR((RC[-4]*(1+#REF!/100)+IF(ISNUMBER(#REF!),#REF!,0))*1000000,50000),""x""))",x,text,#REF!,True,"[""Logitech""]","[{""sheet"":""Logitech"",""range"":""D77"",""raw"":""D77"",""qualified"":""'Logitech'!D77""}]",A9,price_target_candidate,single_source,broken,comparison_not_possible,unknown,"[""missing_channel_pricing_parameters""]",high,
7c0dd4f7d662f2f9028cc2cb,Price List.xlsx,a529c3306d6db3923eb55451562c5a1eb4886861c45b390cddfdfc6f70db6a45,Logitech,visible,H78,78,8,"=IF(D78="""",""x"",IFERROR(FLOOR((D78*(1+#REF!/100)+IF(ISNUMBER(#REF!),#REF!,0))*1000000,50000),""x""))","=IF(RC[-4]="""",""x"",IFERROR(FLOOR((RC[-4]*(1+#REF!/100)+IF(ISNUMBER(#REF!),#REF!,0))*1000000,50000),""x""))",x,text,#REF!,True,"[""Logitech""]","[{""sheet"":""Logitech"",""range"":""D78"",""raw"":""D78"",""qualified"":""'Logitech'!D78""}]",A9,price_target_candidate,single_source,broken,comparison_not_possible,unknown,"[""missing_channel_pricing_parameters""]",high,
e238b369dd30c2f2a422dd6b,Price List.xlsx,a529c3306d6db3923eb55451562c5a1eb4886861c45b390cddfdfc6f70db6a45,Logitech,visible,H79,79,8,"=IF(D79="""",""x"",IFERROR(FLOOR((D79*(1+#REF!/100)+IF(ISNUMBER(#REF!),#REF!,0))*1000000,50000),""x""))","=IF(RC[-4]="""",""x"",IFERROR(FLOOR((RC[-4]*(1+#REF!/100)+IF(ISNUMBER(#REF!),#REF!,0))*1000000,50000),""x""))",x,text,#REF!,True,"[""Logitech""]","[{""sheet"":""Logitech"",""range"":""D79"",""raw"":""D79"",""qualified"":""'Logitech'!D79""}]",A9,price_target_candidate,single_source,broken,comparison_not_possible,unknown,"[""missing_channel_pricing_parameters""]",high,
c0bb5208530cb14796bce46c,Price List.xlsx,a529c3306d6db3923eb55451562c5a1eb4886861c45b390cddfdfc6f70db6a45,Logitech,visible,H80,80,8,"=IF(D80="""",""x"",IFERROR(FLOOR((D80*(1+#REF!/100)+IF(ISNUMBER(#REF!),#REF!,0))*1000000,50000),""x""))","=IF(RC[-4]="""",""x"",IFERROR(FLOOR((RC[-4]*(1+#REF!/100)+IF(ISNUMBER(#REF!),#REF!,0))*1000000,50000),""x""))",x,text,#REF!,True,"[""Logitech""]","[{""sheet"":""Logitech"",""range"":""D80"",""raw"":""D80"",""qualified"":""'Logitech'!D80""}]",A9,price_target_candidate,single_source,broken,comparison_not_possible,unknown,"[""missing_channel_pricing_parameters""]",high,
9dfb707e0910a2ea94d5ab64,Price List.xlsx,a529c3306d6db3923eb55451562c5a1eb4886861c45b390cddfdfc6f70db6a45,Logitech,visible,H81,81,8,"=IF(D81="""",""x"",IFERROR(FLOOR((D81*(1+#REF!/100)+IF(ISNUMBER(#REF!),#REF!,0))*1000000,50000),""x""))","=IF(RC[-4]="""",""x"",IFERROR(FLOOR((RC[-4]*(1+#REF!/100)+IF(ISNUMBER(#REF!),#REF!,0))*1000000,50000),""x""))",x,text,#REF!,True,"[""Logitech""]","[{""sheet"":""Logitech"",""range"":""D81"",""raw"":""D81"",""qualified"":""'Logitech'!D81""}]",A9,price_target_candidate,single_source,broken,comparison_not_possible,unknown,"[""missing_channel_pricing_parameters""]",high,
1e285bf945d7712b3c9b3a00,Price List.xlsx,a529c3306d6db3923eb55451562c5a1eb4886861c45b390cddfdfc6f70db6a45,Logitech,visible,H83,83,8,"=IF(D83="""",""x"",IFERROR(FLOOR((D83*(1+#REF!/100)+IF(ISNUMBER(#REF!),#REF!,0))*1000000,50000),""x""))","=IF(RC[-4]="""",""x"",IFERROR(FLOOR((RC[-4]*(1+#REF!/100)+IF(ISNUMBER(#REF!),#REF!,0))*1000000,50000),""x""))",x,text,#REF!,True,"[""Logitech""]","[{""sheet"":""Logitech"",""range"":""D83"",""raw"":""D83"",""qualified"":""'Logitech'!D83""}]",A9,price_target_candidate,single_source,broken,comparison_not_possible,unknown,"[""missing_channel_pricing_parameters""]",high,
e4a6e4de33930d10ae66a667,Price List.xlsx,a529c3306d6db3923eb55451562c5a1eb4886861c45b390cddfdfc6f70db6a45,Logitech,visible,H84,84,8,"=IF(D84="""",""x"",IFERROR(FLOOR((D84*(1+#REF!/100)+IF(ISNUMBER(#REF!),#REF!,0))*1000000,50000),""x""))","=IF(RC[-4]="""",""x"",IFERROR(FLOOR((RC[-4]*(1+#REF!/100)+IF(ISNUMBER(#REF!),#REF!,0))*1000000,50000),""x""))",x,text,#REF!,True,"[""Logitech""]","[{""sheet"":""Logitech"",""range"":""D84"",""raw"":""D84"",""qualified"":""'Logitech'!D84""}]",A9,price_target_candidate,single_source,broken,comparison_not_possible,unknown,"[""missing_channel_pricing_parameters""]",high,
834185ae11276804c7720a59,Price List.xlsx,a529c3306d6db3923eb55451562c5a1eb4886861c45b390cddfdfc6f70db6a45,Logitech,visible,H85,85,8,"=IF(D85="""",""x"",IFERROR(FLOOR((D85*(1+#REF!/100)+IF(ISNUMBER(#REF!),#REF!,0))*1000000,50000),""x""))","=IF(RC[-4]="""",""x"",IFERROR(FLOOR((RC[-4]*(1+#REF!/100)+IF(ISNUMBER(#REF!),#REF!,0))*1000000,50000),""x""))",x,text,#REF!,True,"[""Logitech""]","[{""sheet"":""Logitech"",""range"":""D85"",""raw"":""D85"",""qualified"":""'Logitech'!D85""}]",A9,price_target_candidate,single_source,broken,comparison_not_possible,unknown,"[""missing_channel_pricing_parameters""]",high,
bad10264e4c87820069cb26a,Price List.xlsx,a529c3306d6db3923eb55451562c5a1eb4886861c45b390cddfdfc6f70db6a45,Logitech,visible,H86,86,8,"=IF(D86="""",""x"",IFERROR(FLOOR((D86*(1+#REF!/100)+IF(ISNUMBER(#REF!),#REF!,0))*1000000,50000),""x""))","=IF(RC[-4]="""",""x"",IFERROR(FLOOR((RC[-4]*(1+#REF!/100)+IF(ISNUMBER(#REF!),#REF!,0))*1000000,50000),""x""))",x,text,#REF!,True,"[""Logitech""]","[{""sheet"":""Logitech"",""range"":""D86"",""raw"":""D86"",""qualified"":""'Logitech'!D86""}]",A9,price_target_candidate,single_source,broken,comparison_not_possible,unknown,"[""missing_channel_pricing_parameters""]",high,
a42aeaee8dc3ef94a0eea4cc,Price List.xlsx,a529c3306d6db3923eb55451562c5a1eb4886861c45b390cddfdfc6f70db6a45,Logitech,visible,H87,87,8,"=IF(D87="""",""x"",IFERROR(FLOOR((D87*(1+#REF!/100)+IF(ISNUMBER(#REF!),#REF!,0))*1000000,50000),""x""))","=IF(RC[-4]="""",""x"",IFERROR(FLOOR((RC[-4]*(1+#REF!/100)+IF(ISNUMBER(#REF!),#REF!,0))*1000000,50000),""x""))",x,text,#REF!,True,"[""Logitech""]","[{""sheet"":""Logitech"",""range"":""D87"",""raw"":""D87"",""qualified"":""'Logitech'!D87""}]",A9,price_target_candidate,single_source,broken,comparison_not_possible,unknown,"[""missing_channel_pricing_parameters""]",high,
ea895480d07b7f546bff6ad3,Price List.xlsx,a529c3306d6db3923eb55451562c5a1eb4886861c45b390cddfdfc6f70db6a45,Logitech,visible,H88,88,8,"=IF(D88="""",""x"",IFERROR(FLOOR((D88*(1+#REF!/100)+IF(ISNUMBER(#REF!),#REF!,0))*1000000,50000),""x""))","=IF(RC[-4]="""",""x"",IFERROR(FLOOR((RC[-4]*(1+#REF!/100)+IF(ISNUMBER(#REF!),#REF!,0))*1000000,50000),""x""))",x,text,#REF!,True,"[""Logitech""]","[{""sheet"":""Logitech"",""range"":""D88"",""raw"":""D88"",""qualified"":""'Logitech'!D88""}]",A9,price_target_candidate,single_source,broken,comparison_not_possible,unknown,"[""missing_channel_pricing_parameters""]",high,
fbcbc4c56097ca83e19f06de,Price List.xlsx,a529c3306d6db3923eb55451562c5a1eb4886861c45b390cddfdfc6f70db6a45,Logitech,visible,H89,89,8,"=IF(D89="""",""x"",IFERROR(FLOOR((D89*(1+#REF!/100)+IF(ISNUMBER(#REF!),#REF!,0))*1000000,50000),""x""))","=IF(RC[-4]="""",""x"",IFERROR(FLOOR((RC[-4]*(1+#REF!/100)+IF(ISNUMBER(#REF!),#REF!,0))*1000000,50000),""x""))",x,text,#REF!,True,"[""Logitech""]","[{""sheet"":""Logitech"",""range"":""D89"",""raw"":""D89"",""qualified"":""'Logitech'!D89""}]",A9,price_target_candidate,single_source,broken,comparison_not_possible,unknown,"[""missing_channel_pricing_parameters""]",high,
e08c98d67719dee3bc602071,Price List.xlsx,a529c3306d6db3923eb55451562c5a1eb4886861c45b390cddfdfc6f70db6a45,Logitech,visible,H90,90,8,"=IF(D90="""",""x"",IFERROR(FLOOR((D90*(1+#REF!/100)+IF(ISNUMBER(#REF!),#REF!,0))*1000000,50000),""x""))","=IF(RC[-4]="""",""x"",IFERROR(FLOOR((RC[-4]*(1+#REF!/100)+IF(ISNUMBER(#REF!),#REF!,0))*1000000,50000),""x""))",x,text,#REF!,True,"[""Logitech""]","[{""sheet"":""Logitech"",""range"":""D90"",""raw"":""D90"",""qualified"":""'Logitech'!D90""}]",A9,price_target_candidate,single_source,broken,comparison_not_possible,unknown,"[""missing_channel_pricing_parameters""]",high,
5fb33b63fb6597f61f2da2e3,Price List.xlsx,a529c3306d6db3923eb55451562c5a1eb4886861c45b390cddfdfc6f70db6a45,Logitech,visible,H91,91,8,"=IF(D91="""",""x"",IFERROR(FLOOR((D91*(1+#REF!/100)+IF(ISNUMBER(#REF!),#REF!,0))*1000000,50000),""x""))","=IF(RC[-4]="""",""x"",IFERROR(FLOOR((RC[-4]*(1+#REF!/100)+IF(ISNUMBER(#REF!),#REF!,0))*1000000,50000),""x""))",x,text,#REF!,True,"[""Logitech""]","[{""sheet"":""Logitech"",""range"":""D91"",""raw"":""D91"",""qualified"":""'Logitech'!D91""}]",A9,price_target_candidate,single_source,broken,comparison_not_possible,unknown,"[""missing_channel_pricing_parameters""]",high,
81d79ff67e9b8a9aacf19707,Price List.xlsx,a529c3306d6db3923eb55451562c5a1eb4886861c45b390cddfdfc6f70db6a45,Logitech,visible,H92,92,8,"=IF(D92="""",""x"",IFERROR(FLOOR((D92*(1+#REF!/100)+IF(ISNUMBER(#REF!),#REF!,0))*1000000,50000),""x""))","=IF(RC[-4]="""",""x"",IFERROR(FLOOR((RC[-4]*(1+#REF!/100)+IF(ISNUMBER(#REF!),#REF!,0))*1000000,50000),""x""))",x,text,#REF!,True,"[""Logitech""]","[{""sheet"":""Logitech"",""range"":""D92"",""raw"":""D92"",""qualified"":""'Logitech'!D92""}]",A9,price_target_candidate,single_source,broken,comparison_not_possible,unknown,"[""missing_channel_pricing_parameters""]",high,
8c69b5551333844fb10b838a,Price List.xlsx,a529c3306d6db3923eb55451562c5a1eb4886861c45b390cddfdfc6f70db6a45,Logitech,visible,H93,93,8,"=IF(D93="""",""x"",IFERROR(FLOOR((D93*(1+#REF!/100)+IF(ISNUMBER(#REF!),#REF!,0))*1000000,50000),""x""))","=IF(RC[-4]="""",""x"",IFERROR(FLOOR((RC[-4]*(1+#REF!/100)+IF(ISNUMBER(#REF!),#REF!,0))*1000000,50000),""x""))",x,text,#REF!,True,"[""Logitech""]","[{""sheet"":""Logitech"",""range"":""D93"",""raw"":""D93"",""qualified"":""'Logitech'!D93""}]",A9,price_target_candidate,single_source,broken,comparison_not_possible,unknown,"[""missing_channel_pricing_parameters""]",high,
c0d2419244933028782f83ed,Price List.xlsx,a529c3306d6db3923eb55451562c5a1eb4886861c45b390cddfdfc6f70db6a45,Logitech,visible,H94,94,8,"=IF(D94="""",""x"",IFERROR(FLOOR((D94*(1+#REF!/100)+IF(ISNUMBER(#REF!),#REF!,0))*1000000,50000),""x""))","=IF(RC[-4]="""",""x"",IFERROR(FLOOR((RC[-4]*(1+#REF!/100)+IF(ISNUMBER(#REF!),#REF!,0))*1000000,50000),""x""))",x,text,#REF!,True,"[""Logitech""]","[{""sheet"":""Logitech"",""range"":""D94"",""raw"":""D94"",""qualified"":""'Logitech'!D94""}]",A9,price_target_candidate,single_source,broken,comparison_not_possible,unknown,"[""missing_channel_pricing_parameters""]",high,
d2d2f4d38153af507b221917,Price List.xlsx,a529c3306d6db3923eb55451562c5a1eb4886861c45b390cddfdfc6f70db6a45,Logitech,visible,H95,95,8,"=IF(D95="""",""x"",IFERROR(FLOOR((D95*(1+#REF!/100)+IF(ISNUMBER(#REF!),#REF!,0))*1000000,50000),""x""))","=IF(RC[-4]="""",""x"",IFERROR(FLOOR((RC[-4]*(1+#REF!/100)+IF(ISNUMBER(#REF!),#REF!,0))*1000000,50000),""x""))",x,text,#REF!,True,"[""Logitech""]","[{""sheet"":""Logitech"",""range"":""D95"",""raw"":""D95"",""qualified"":""'Logitech'!D95""}]",A9,price_target_candidate,single_source,broken,comparison_not_possible,unknown,"[""missing_channel_pricing_parameters""]",high,
ef558294e5009a35e5d0000c,Price List.xlsx,a529c3306d6db3923eb55451562c5a1eb4886861c45b390cddfdfc6f70db6a45,Logitech,visible,H96,96,8,"=IF(D96="""",""x"",IFERROR(FLOOR((D96*(1+#REF!/100)+IF(ISNUMBER(#REF!),#REF!,0))*1000000,50000),""x""))","=IF(RC[-4]="""",""x"",IFERROR(FLOOR((RC[-4]*(1+#REF!/100)+IF(ISNUMBER(#REF!),#REF!,0))*1000000,50000),""x""))",x,text,#REF!,True,"[""Logitech""]","[{""sheet"":""Logitech"",""range"":""D96"",""raw"":""D96"",""qualified"":""'Logitech'!D96""}]",A9,price_target_candidate,single_source,broken,comparison_not_possible,unknown,"[""missing_channel_pricing_parameters""]",high,
079a1135c58a289110a77436,Price List.xlsx,a529c3306d6db3923eb55451562c5a1eb4886861c45b390cddfdfc6f70db6a45,Logitech,visible,H97,97,8,"=IF(D97="""",""x"",IFERROR(FLOOR((D97*(1+#REF!/100)+IF(ISNUMBER(#REF!),#REF!,0))*1000000,50000),""x""))","=IF(RC[-4]="""",""x"",IFERROR(FLOOR((RC[-4]*(1+#REF!/100)+IF(ISNUMBER(#REF!),#REF!,0))*1000000,50000),""x""))",x,text,#REF!,True,"[""Logitech""]","[{""sheet"":""Logitech"",""range"":""D97"",""raw"":""D97"",""qualified"":""'Logitech'!D97""}]",A9,price_target_candidate,single_source,broken,comparison_not_possible,unknown,"[""missing_channel_pricing_parameters""]",high,
904b3ce6582918c5c9c73a7d,Price List.xlsx,a529c3306d6db3923eb55451562c5a1eb4886861c45b390cddfdfc6f70db6a45,Logitech,visible,H98,98,8,"=IF(D98="""",""x"",IFERROR(FLOOR((D98*(1+#REF!/100)+IF(ISNUMBER(#REF!),#REF!,0))*1000000,50000),""x""))","=IF(RC[-4]="""",""x"",IFERROR(FLOOR((RC[-4]*(1+#REF!/100)+IF(ISNUMBER(#REF!),#REF!,0))*1000000,50000),""x""))",x,text,#REF!,True,"[""Logitech""]","[{""sheet"":""Logitech"",""range"":""D98"",""raw"":""D98"",""qualified"":""'Logitech'!D98""}]",A9,price_target_candidate,single_source,broken,comparison_not_possible,unknown,"[""missing_channel_pricing_parameters""]",high,
de8da94caa6ed363ee3bf9c5,Price List.xlsx,a529c3306d6db3923eb55451562c5a1eb4886861c45b390cddfdfc6f70db6a45,Logitech,visible,H99,99,8,"=IF(D99="""",""x"",IFERROR(FLOOR((D99*(1+#REF!/100)+IF(ISNUMBER(#REF!),#REF!,0))*1000000,50000),""x""))","=IF(RC[-4]="""",""x"",IFERROR(FLOOR((RC[-4]*(1+#REF!/100)+IF(ISNUMBER(#REF!),#REF!,0))*1000000,50000),""x""))",x,text,#REF!,True,"[""Logitech""]","[{""sheet"":""Logitech"",""range"":""D99"",""raw"":""D99"",""qualified"":""'Logitech'!D99""}]",A9,price_target_candidate,single_source,broken,comparison_not_possible,unknown,"[""missing_channel_pricing_parameters""]",high,
7a9a8d7051cb4c223dc2b67d,Price List.xlsx,a529c3306d6db3923eb55451562c5a1eb4886861c45b390cddfdfc6f70db6a45,Logitech,visible,H100,100,8,"=IF(D100="""",""x"",IFERROR(FLOOR((D100*(1+#REF!/100)+IF(ISNUMBER(#REF!),#REF!,0))*1000000,50000),""x""))","=IF(RC[-4]="""",""x"",IFERROR(FLOOR((RC[-4]*(1+#REF!/100)+IF(ISNUMBER(#REF!),#REF!,0))*1000000,50000),""x""))",x,text,#REF!,True,"[""Logitech""]","[{""sheet"":""Logitech"",""range"":""D100"",""raw"":""D100"",""qualified"":""'Logitech'!D100""}]",A9,price_target_candidate,single_source,broken,comparison_not_possible,unknown,"[""missing_channel_pricing_parameters""]",high,
880a2adb9cfac46b33f5970e,Price List.xlsx,a529c3306d6db3923eb55451562c5a1eb4886861c45b390cddfdfc6f70db6a45,Logitech,visible,H101,101,8,"=IF(D101="""",""x"",IFERROR(FLOOR((D101*(1+#REF!/100)+IF(ISNUMBER(#REF!),#REF!,0))*1000000,50000),""x""))","=IF(RC[-4]="""",""x"",IFERROR(FLOOR((RC[-4]*(1+#REF!/100)+IF(ISNUMBER(#REF!),#REF!,0))*1000000,50000),""x""))",x,text,#REF!,True,"[""Logitech""]","[{""sheet"":""Logitech"",""range"":""D101"",""raw"":""D101"",""qualified"":""'Logitech'!D101""}]",A9,price_target_candidate,single_source,broken,comparison_not_possible,unknown,"[""missing_channel_pricing_parameters""]",high,
b805c9f7d05e69a91538b2aa,Price List.xlsx,a529c3306d6db3923eb55451562c5a1eb4886861c45b390cddfdfc6f70db6a45,Logitech,visible,H102,102,8,"=IF(D102="""",""x"",IFERROR(FLOOR((D102*(1+#REF!/100)+IF(ISNUMBER(#REF!),#REF!,0))*1000000,50000),""x""))","=IF(RC[-4]="""",""x"",IFERROR(FLOOR((RC[-4]*(1+#REF!/100)+IF(ISNUMBER(#REF!),#REF!,0))*1000000,50000),""x""))",x,text,#REF!,True,"[""Logitech""]","[{""sheet"":""Logitech"",""range"":""D102"",""raw"":""D102"",""qualified"":""'Logitech'!D102""}]",A9,price_target_candidate,single_source,broken,comparison_not_possible,unknown,"[""missing_channel_pricing_parameters""]",high,
29cd20d34c65ea8cc5ca4a05,Price List.xlsx,a529c3306d6db3923eb55451562c5a1eb4886861c45b390cddfdfc6f70db6a45,Logitech,visible,H103,103,8,"=IF(D103="""",""x"",IFERROR(FLOOR((D103*(1+#REF!/100)+IF(ISNUMBER(#REF!),#REF!,0))*1000000,50000),""x""))","=IF(RC[-4]="""",""x"",IFERROR(FLOOR((RC[-4]*(1+#REF!/100)+IF(ISNUMBER(#REF!),#REF!,0))*1000000,50000),""x""))",x,text,#REF!,True,"[""Logitech""]","[{""sheet"":""Logitech"",""range"":""D103"",""raw"":""D103"",""qualified"":""'Logitech'!D103""}]",A9,price_target_candidate,single_source,broken,comparison_not_possible,unknown,"[""missing_channel_pricing_parameters""]",high,
c89ecef646c3b94d8eb77f1b,Price List.xlsx,a529c3306d6db3923eb55451562c5a1eb4886861c45b390cddfdfc6f70db6a45,Logitech,visible,H104,104,8,"=IF(D104="""",""x"",IFERROR(FLOOR((D104*(1+#REF!/100)+IF(ISNUMBER(#REF!),#REF!,0))*1000000,50000),""x""))","=IF(RC[-4]="""",""x"",IFERROR(FLOOR((RC[-4]*(1+#REF!/100)+IF(ISNUMBER(#REF!),#REF!,0))*1000000,50000),""x""))",x,text,#REF!,True,"[""Logitech""]","[{""sheet"":""Logitech"",""range"":""D104"",""raw"":""D104"",""qualified"":""'Logitech'!D104""}]",A9,price_target_candidate,single_source,broken,comparison_not_possible,unknown,"[""missing_channel_pricing_parameters""]",high,
b1cbc16a77c6624346a30006,Price List.xlsx,a529c3306d6db3923eb55451562c5a1eb4886861c45b390cddfdfc6f70db6a45,Logitech,visible,H105,105,8,"=IF(D105="""",""x"",IFERROR(FLOOR((D105*(1+#REF!/100)+IF(ISNUMBER(#REF!),#REF!,0))*1000000,50000),""x""))","=IF(RC[-4]="""",""x"",IFERROR(FLOOR((RC[-4]*(1+#REF!/100)+IF(ISNUMBER(#REF!),#REF!,0))*1000000,50000),""x""))",x,text,#REF!,True,"[""Logitech""]","[{""sheet"":""Logitech"",""range"":""D105"",""raw"":""D105"",""qualified"":""'Logitech'!D105""}]",A9,price_target_candidate,single_source,broken,comparison_not_possible,unknown,"[""missing_channel_pricing_parameters""]",high,
dd787e0840f19f8f98909aad,Price List.xlsx,a529c3306d6db3923eb55451562c5a1eb4886861c45b390cddfdfc6f70db6a45,Logitech,visible,H106,106,8,"=IF(D106="""",""x"",IFERROR(FLOOR((D106*(1+#REF!/100)+IF(ISNUMBER(#REF!),#REF!,0))*1000000,50000),""x""))","=IF(RC[-4]="""",""x"",IFERROR(FLOOR((RC[-4]*(1+#REF!/100)+IF(ISNUMBER(#REF!),#REF!,0))*1000000,50000),""x""))",x,text,#REF!,True,"[""Logitech""]","[{""sheet"":""Logitech"",""range"":""D106"",""raw"":""D106"",""qualified"":""'Logitech'!D106""}]",A9,price_target_candidate,single_source,broken,comparison_not_possible,unknown,"[""missing_channel_pricing_parameters""]",high,
edffd595146b37fc1b5f9662,Price List.xlsx,a529c3306d6db3923eb55451562c5a1eb4886861c45b390cddfdfc6f70db6a45,Logitech,visible,H107,107,8,"=IF(D107="""",""x"",IFERROR(FLOOR((D107*(1+#REF!/100)+IF(ISNUMBER(#REF!),#REF!,0))*1000000,50000),""x""))","=IF(RC[-4]="""",""x"",IFERROR(FLOOR((RC[-4]*(1+#REF!/100)+IF(ISNUMBER(#REF!),#REF!,0))*1000000,50000),""x""))",x,text,#REF!,True,"[""Logitech""]","[{""sheet"":""Logitech"",""range"":""D107"",""raw"":""D107"",""qualified"":""'Logitech'!D107""}]",A9,price_target_candidate,single_source,broken,comparison_not_possible,unknown,"[""missing_channel_pricing_parameters""]",high,
3b6e96e5e2854b655d3ad444,Price List.xlsx,a529c3306d6db3923eb55451562c5a1eb4886861c45b390cddfdfc6f70db6a45,Logitech,visible,H108,108,8,"=IF(D108="""",""x"",IFERROR(FLOOR((D108*(1+#REF!/100)+IF(ISNUMBER(#REF!),#REF!,0))*1000000,50000),""x""))","=IF(RC[-4]="""",""x"",IFERROR(FLOOR((RC[-4]*(1+#REF!/100)+IF(ISNUMBER(#REF!),#REF!,0))*1000000,50000),""x""))",x,text,#REF!,True,"[""Logitech""]","[{""sheet"":""Logitech"",""range"":""D108"",""raw"":""D108"",""qualified"":""'Logitech'!D108""}]",A9,price_target_candidate,single_source,broken,comparison_not_possible,unknown,"[""missing_channel_pricing_parameters""]",high,
6573dd163fe9165dc8edca72,Price List.xlsx,a529c3306d6db3923eb55451562c5a1eb4886861c45b390cddfdfc6f70db6a45,Logitech,visible,H109,109,8,"=IF(D109="""",""x"",IFERROR(FLOOR((D109*(1+#REF!/100)+IF(ISNUMBER(#REF!),#REF!,0))*1000000,50000),""x""))","=IF(RC[-4]="""",""x"",IFERROR(FLOOR((RC[-4]*(1+#REF!/100)+IF(ISNUMBER(#REF!),#REF!,0))*1000000,50000),""x""))",x,text,#REF!,True,"[""Logitech""]","[{""sheet"":""Logitech"",""range"":""D109"",""raw"":""D109"",""qualified"":""'Logitech'!D109""}]",A9,price_target_candidate,single_source,broken,comparison_not_possible,unknown,"[""missing_channel_pricing_parameters""]",high,
a11616cc4297185b4f1fc082,Price List.xlsx,a529c3306d6db3923eb55451562c5a1eb4886861c45b390cddfdfc6f70db6a45,Logitech,visible,H110,110,8,"=IF(D110="""",""x"",IFERROR(FLOOR((D110*(1+#REF!/100)+IF(ISNUMBER(#REF!),#REF!,0))*1000000,50000),""x""))","=IF(RC[-4]="""",""x"",IFERROR(FLOOR((RC[-4]*(1+#REF!/100)+IF(ISNUMBER(#REF!),#REF!,0))*1000000,50000),""x""))",x,text,#REF!,True,"[""Logitech""]","[{""sheet"":""Logitech"",""range"":""D110"",""raw"":""D110"",""qualified"":""'Logitech'!D110""}]",A9,price_target_candidate,single_source,broken,comparison_not_possible,unknown,"[""missing_channel_pricing_parameters""]",high,
dabd5bb3dbc2e488d7a0f3dc,Price List.xlsx,a529c3306d6db3923eb55451562c5a1eb4886861c45b390cddfdfc6f70db6a45,Logitech,visible,H111,111,8,"=IF(D111="""",""x"",IFERROR(FLOOR((D111*(1+#REF!/100)+IF(ISNUMBER(#REF!),#REF!,0))*1000000,50000),""x""))","=IF(RC[-4]="""",""x"",IFERROR(FLOOR((RC[-4]*(1+#REF!/100)+IF(ISNUMBER(#REF!),#REF!,0))*1000000,50000),""x""))",x,text,#REF!,True,"[""Logitech""]","[{""sheet"":""Logitech"",""range"":""D111"",""raw"":""D111"",""qualified"":""'Logitech'!D111""}]",A9,price_target_candidate,single_source,broken,comparison_not_possible,unknown,"[""missing_channel_pricing_parameters""]",high,
af9f7e21fb8a8889f4484a97,Price List.xlsx,a529c3306d6db3923eb55451562c5a1eb4886861c45b390cddfdfc6f70db6a45,Logitech,visible,H112,112,8,"=IF(D112="""",""x"",IFERROR(FLOOR((D112*(1+#REF!/100)+IF(ISNUMBER(#REF!),#REF!,0))*1000000,50000),""x""))","=IF(RC[-4]="""",""x"",IFERROR(FLOOR((RC[-4]*(1+#REF!/100)+IF(ISNUMBER(#REF!),#REF!,0))*1000000,50000),""x""))",x,text,#REF!,True,"[""Logitech""]","[{""sheet"":""Logitech"",""range"":""D112"",""raw"":""D112"",""qualified"":""'Logitech'!D112""}]",A9,price_target_candidate,single_source,broken,comparison_not_possible,unknown,"[""missing_channel_pricing_parameters""]",high,
4841010414ce5b752f9b6bed,Price List.xlsx,a529c3306d6db3923eb55451562c5a1eb4886861c45b390cddfdfc6f70db6a45,Logitech,visible,H113,113,8,"=IF(D113="""",""x"",IFERROR(FLOOR((D113*(1+#REF!/100)+IF(ISNUMBER(#REF!),#REF!,0))*1000000,50000),""x""))","=IF(RC[-4]="""",""x"",IFERROR(FLOOR((RC[-4]*(1+#REF!/100)+IF(ISNUMBER(#REF!),#REF!,0))*1000000,50000),""x""))",x,text,#REF!,True,"[""Logitech""]","[{""sheet"":""Logitech"",""range"":""D113"",""raw"":""D113"",""qualified"":""'Logitech'!D113""}]",A9,price_target_candidate,single_source,broken,comparison_not_possible,unknown,"[""missing_channel_pricing_parameters""]",high,
ada859f05b9522fe332c755c,Price List.xlsx,a529c3306d6db3923eb55451562c5a1eb4886861c45b390cddfdfc6f70db6a45,Logitech,visible,H114,114,8,"=IF(D114="""",""x"",IFERROR(FLOOR((D114*(1+#REF!/100)+IF(ISNUMBER(#REF!),#REF!,0))*1000000,50000),""x""))","=IF(RC[-4]="""",""x"",IFERROR(FLOOR((RC[-4]*(1+#REF!/100)+IF(ISNUMBER(#REF!),#REF!,0))*1000000,50000),""x""))",x,text,#REF!,True,"[""Logitech""]","[{""sheet"":""Logitech"",""range"":""D114"",""raw"":""D114"",""qualified"":""'Logitech'!D114""}]",A9,price_target_candidate,single_source,broken,comparison_not_possible,unknown,"[""missing_channel_pricing_parameters""]",high,
e5b5f3eaf4150d0714fd018a,Price List.xlsx,a529c3306d6db3923eb55451562c5a1eb4886861c45b390cddfdfc6f70db6a45,Logitech,visible,H115,115,8,"=IF(D115="""",""x"",IFERROR(FLOOR((D115*(1+#REF!/100)+IF(ISNUMBER(#REF!),#REF!,0))*1000000,50000),""x""))","=IF(RC[-4]="""",""x"",IFERROR(FLOOR((RC[-4]*(1+#REF!/100)+IF(ISNUMBER(#REF!),#REF!,0))*1000000,50000),""x""))",x,text,#REF!,True,"[""Logitech""]","[{""sheet"":""Logitech"",""range"":""D115"",""raw"":""D115"",""qualified"":""'Logitech'!D115""}]",A9,price_target_candidate,single_source,broken,comparison_not_possible,unknown,"[""missing_channel_pricing_parameters""]",high,
b00a99b75fe4ad1ab6f26d31,Price List.xlsx,a529c3306d6db3923eb55451562c5a1eb4886861c45b390cddfdfc6f70db6a45,Logitech,visible,H116,116,8,"=IF(D116="""",""x"",IFERROR(FLOOR((D116*(1+#REF!/100)+IF(ISNUMBER(#REF!),#REF!,0))*1000000,50000),""x""))","=IF(RC[-4]="""",""x"",IFERROR(FLOOR((RC[-4]*(1+#REF!/100)+IF(ISNUMBER(#REF!),#REF!,0))*1000000,50000),""x""))",x,text,#REF!,True,"[""Logitech""]","[{""sheet"":""Logitech"",""range"":""D116"",""raw"":""D116"",""qualified"":""'Logitech'!D116""}]",A9,price_target_candidate,single_source,broken,comparison_not_possible,unknown,"[""missing_channel_pricing_parameters""]",high,
fa777914de71f190536e2a70,Price List.xlsx,a529c3306d6db3923eb55451562c5a1eb4886861c45b390cddfdfc6f70db6a45,Logitech,visible,H117,117,8,"=IF(D117="""",""x"",IFERROR(FLOOR((D117*(1+#REF!/100)+IF(ISNUMBER(#REF!),#REF!,0))*1000000,50000),""x""))","=IF(RC[-4]="""",""x"",IFERROR(FLOOR((RC[-4]*(1+#REF!/100)+IF(ISNUMBER(#REF!),#REF!,0))*1000000,50000),""x""))",x,text,#REF!,True,"[""Logitech""]","[{""sheet"":""Logitech"",""range"":""D117"",""raw"":""D117"",""qualified"":""'Logitech'!D117""}]",A9,price_target_candidate,single_source,broken,comparison_not_possible,unknown,"[""missing_channel_pricing_parameters""]",high,
07da39c26190b7aeb2a8aac9,Price List.xlsx,a529c3306d6db3923eb55451562c5a1eb4886861c45b390cddfdfc6f70db6a45,Logitech,visible,H118,118,8,"=IF(D118="""",""x"",IFERROR(FLOOR((D118*(1+#REF!/100)+IF(ISNUMBER(#REF!),#REF!,0))*1000000,50000),""x""))","=IF(RC[-4]="""",""x"",IFERROR(FLOOR((RC[-4]*(1+#REF!/100)+IF(ISNUMBER(#REF!),#REF!,0))*1000000,50000),""x""))",x,text,#REF!,True,"[""Logitech""]","[{""sheet"":""Logitech"",""range"":""D118"",""raw"":""D118"",""qualified"":""'Logitech'!D118""}]",A9,price_target_candidate,single_source,broken,comparison_not_possible,unknown,"[""missing_channel_pricing_parameters""]",high,
cf1aac5da3bdd49778a9c640,Price List.xlsx,a529c3306d6db3923eb55451562c5a1eb4886861c45b390cddfdfc6f70db6a45,Logitech,visible,H119,119,8,"=IF(D119="""",""x"",IFERROR(FLOOR((D119*(1+#REF!/100)+IF(ISNUMBER(#REF!),#REF!,0))*1000000,50000),""x""))","=IF(RC[-4]="""",""x"",IFERROR(FLOOR((RC[-4]*(1+#REF!/100)+IF(ISNUMBER(#REF!),#REF!,0))*1000000,50000),""x""))",x,text,#REF!,True,"[""Logitech""]","[{""sheet"":""Logitech"",""range"":""D119"",""raw"":""D119"",""qualified"":""'Logitech'!D119""}]",A9,price_target_candidate,single_source,broken,comparison_not_possible,unknown,"[""missing_channel_pricing_parameters""]",high,
e5dfb9954667c2abebaddf24,Price List.xlsx,a529c3306d6db3923eb55451562c5a1eb4886861c45b390cddfdfc6f70db6a45,Logitech,visible,H120,120,8,"=IF(D120="""",""x"",IFERROR(FLOOR((D120*(1+#REF!/100)+IF(ISNUMBER(#REF!),#REF!,0))*1000000,50000),""x""))","=IF(RC[-4]="""",""x"",IFERROR(FLOOR((RC[-4]*(1+#REF!/100)+IF(ISNUMBER(#REF!),#REF!,0))*1000000,50000),""x""))",x,text,#REF!,True,"[""Logitech""]","[{""sheet"":""Logitech"",""range"":""D120"",""raw"":""D120"",""qualified"":""'Logitech'!D120""}]",A9,price_target_candidate,single_source,broken,comparison_not_possible,unknown,"[""missing_channel_pricing_parameters""]",high,
3e2319fe1f4696640bc5dde1,Price List.xlsx,a529c3306d6db3923eb55451562c5a1eb4886861c45b390cddfdfc6f70db6a45,Logitech,visible,H121,121,8,"=IF(D121="""",""x"",IFERROR(FLOOR((D121*(1+#REF!/100)+IF(ISNUMBER(#REF!),#REF!,0))*1000000,50000),""x""))","=IF(RC[-4]="""",""x"",IFERROR(FLOOR((RC[-4]*(1+#REF!/100)+IF(ISNUMBER(#REF!),#REF!,0))*1000000,50000),""x""))",x,text,#REF!,True,"[""Logitech""]","[{""sheet"":""Logitech"",""range"":""D121"",""raw"":""D121"",""qualified"":""'Logitech'!D121""}]",A9,price_target_candidate,single_source,broken,comparison_not_possible,unknown,"[""missing_channel_pricing_parameters""]",high,
41acfe598acef60cf214fb7b,Price List.xlsx,a529c3306d6db3923eb55451562c5a1eb4886861c45b390cddfdfc6f70db6a45,Logitech,visible,H122,122,8,"=IF(D122="""",""x"",IFERROR(FLOOR((D122*(1+#REF!/100)+IF(ISNUMBER(#REF!),#REF!,0))*1000000,50000),""x""))","=IF(RC[-4]="""",""x"",IFERROR(FLOOR((RC[-4]*(1+#REF!/100)+IF(ISNUMBER(#REF!),#REF!,0))*1000000,50000),""x""))",x,text,#REF!,True,"[""Logitech""]","[{""sheet"":""Logitech"",""range"":""D122"",""raw"":""D122"",""qualified"":""'Logitech'!D122""}]",A9,price_target_candidate,single_source,broken,comparison_not_possible,unknown,"[""missing_channel_pricing_parameters""]",high,
293e00f9b6e9564cd6ffc219,Price List.xlsx,a529c3306d6db3923eb55451562c5a1eb4886861c45b390cddfdfc6f70db6a45,Logitech,visible,H123,123,8,"=IF(D123="""",""x"",IFERROR(FLOOR((D123*(1+#REF!/100)+IF(ISNUMBER(#REF!),#REF!,0))*1000000,50000),""x""))","=IF(RC[-4]="""",""x"",IFERROR(FLOOR((RC[-4]*(1+#REF!/100)+IF(ISNUMBER(#REF!),#REF!,0))*1000000,50000),""x""))",x,text,#REF!,True,"[""Logitech""]","[{""sheet"":""Logitech"",""range"":""D123"",""raw"":""D123"",""qualified"":""'Logitech'!D123""}]",A9,price_target_candidate,single_source,broken,comparison_not_possible,unknown,"[""missing_channel_pricing_parameters""]",high,
472517d6e537509e38733ab8,Price List.xlsx,a529c3306d6db3923eb55451562c5a1eb4886861c45b390cddfdfc6f70db6a45,Logitech,visible,H124,124,8,"=IF(D124="""",""x"",IFERROR(FLOOR((D124*(1+#REF!/100)+IF(ISNUMBER(#REF!),#REF!,0))*1000000,50000),""x""))","=IF(RC[-4]="""",""x"",IFERROR(FLOOR((RC[-4]*(1+#REF!/100)+IF(ISNUMBER(#REF!),#REF!,0))*1000000,50000),""x""))",x,text,#REF!,True,"[""Logitech""]","[{""sheet"":""Logitech"",""range"":""D124"",""raw"":""D124"",""qualified"":""'Logitech'!D124""}]",A9,price_target_candidate,single_source,broken,comparison_not_possible,unknown,"[""missing_channel_pricing_parameters""]",high,
36762c844b56c026cf191e24,Price List.xlsx,a529c3306d6db3923eb55451562c5a1eb4886861c45b390cddfdfc6f70db6a45,Logitech,visible,H125,125,8,"=IF(D125="""",""x"",IFERROR(FLOOR((D125*(1+#REF!/100)+IF(ISNUMBER(#REF!),#REF!,0))*1000000,50000),""x""))","=IF(RC[-4]="""",""x"",IFERROR(FLOOR((RC[-4]*(1+#REF!/100)+IF(ISNUMBER(#REF!),#REF!,0))*1000000,50000),""x""))",x,text,#REF!,True,"[""Logitech""]","[{""sheet"":""Logitech"",""range"":""D125"",""raw"":""D125"",""qualified"":""'Logitech'!D125""}]",A9,price_target_candidate,single_source,broken,comparison_not_possible,unknown,"[""missing_channel_pricing_parameters""]",high,
0bb2c1dff78d524e658b93d1,Price List.xlsx,a529c3306d6db3923eb55451562c5a1eb4886861c45b390cddfdfc6f70db6a45,Logitech,visible,H126,126,8,"=IF(D126="""",""x"",IFERROR(FLOOR((D126*(1+#REF!/100)+IF(ISNUMBER(#REF!),#REF!,0))*1000000,50000),""x""))","=IF(RC[-4]="""",""x"",IFERROR(FLOOR((RC[-4]*(1+#REF!/100)+IF(ISNUMBER(#REF!),#REF!,0))*1000000,50000),""x""))",x,text,#REF!,True,"[""Logitech""]","[{""sheet"":""Logitech"",""range"":""D126"",""raw"":""D126"",""qualified"":""'Logitech'!D126""}]",A9,price_target_candidate,single_source,broken,comparison_not_possible,unknown,"[""missing_channel_pricing_parameters""]",high,
e67671e8170ab0c24bf51938,Price List.xlsx,a529c3306d6db3923eb55451562c5a1eb4886861c45b390cddfdfc6f70db6a45,Logitech,visible,H127,127,8,"=IF(D127="""",""x"",IFERROR(FLOOR((D127*(1+#REF!/100)+IF(ISNUMBER(#REF!),#REF!,0))*1000000,50000),""x""))","=IF(RC[-4]="""",""x"",IFERROR(FLOOR((RC[-4]*(1+#REF!/100)+IF(ISNUMBER(#REF!),#REF!,0))*1000000,50000),""x""))",x,text,#REF!,True,"[""Logitech""]","[{""sheet"":""Logitech"",""range"":""D127"",""raw"":""D127"",""qualified"":""'Logitech'!D127""}]",A9,price_target_candidate,single_source,broken,comparison_not_possible,unknown,"[""missing_channel_pricing_parameters""]",high,
fe333dd469ea32b7fbcc66e0,Price List.xlsx,a529c3306d6db3923eb55451562c5a1eb4886861c45b390cddfdfc6f70db6a45,Logitech,visible,H128,128,8,"=IF(D128="""",""x"",IFERROR(FLOOR((D128*(1+#REF!/100)+IF(ISNUMBER(#REF!),#REF!,0))*1000000,50000),""x""))","=IF(RC[-4]="""",""x"",IFERROR(FLOOR((RC[-4]*(1+#REF!/100)+IF(ISNUMBER(#REF!),#REF!,0))*1000000,50000),""x""))",x,text,#REF!,True,"[""Logitech""]","[{""sheet"":""Logitech"",""range"":""D128"",""raw"":""D128"",""qualified"":""'Logitech'!D128""}]",A9,price_target_candidate,single_source,broken,comparison_not_possible,unknown,"[""missing_channel_pricing_parameters""]",high,
c3986b0cbd9ead20559b6a70,Price List.xlsx,a529c3306d6db3923eb55451562c5a1eb4886861c45b390cddfdfc6f70db6a45,Logitech,visible,H129,129,8,"=IF(D129="""",""x"",IFERROR(FLOOR((D129*(1+#REF!/100)+IF(ISNUMBER(#REF!),#REF!,0))*1000000,50000),""x""))","=IF(RC[-4]="""",""x"",IFERROR(FLOOR((RC[-4]*(1+#REF!/100)+IF(ISNUMBER(#REF!),#REF!,0))*1000000,50000),""x""))",x,text,#REF!,True,"[""Logitech""]","[{""sheet"":""Logitech"",""range"":""D129"",""raw"":""D129"",""qualified"":""'Logitech'!D129""}]",A9,price_target_candidate,single_source,broken,comparison_not_possible,unknown,"[""missing_channel_pricing_parameters""]",high,
5b74d8c51abd0b85ce98bfa2,Price List.xlsx,a529c3306d6db3923eb55451562c5a1eb4886861c45b390cddfdfc6f70db6a45,Logitech,visible,H130,130,8,"=IF(D130="""",""x"",IFERROR(FLOOR((D130*(1+#REF!/100)+IF(ISNUMBER(#REF!),#REF!,0))*1000000,50000),""x""))","=IF(RC[-4]="""",""x"",IFERROR(FLOOR((RC[-4]*(1+#REF!/100)+IF(ISNUMBER(#REF!),#REF!,0))*1000000,50000),""x""))",x,text,#REF!,True,"[""Logitech""]","[{""sheet"":""Logitech"",""range"":""D130"",""raw"":""D130"",""qualified"":""'Logitech'!D130""}]",A9,price_target_candidate,single_source,broken,comparison_not_possible,unknown,"[""missing_channel_pricing_parameters""]",high,
f7a0173adf150f91ac7a4fc7,Price List.xlsx,a529c3306d6db3923eb55451562c5a1eb4886861c45b390cddfdfc6f70db6a45,Logitech,visible,H131,131,8,"=IF(D131="""",""x"",IFERROR(FLOOR((D131*(1+#REF!/100)+IF(ISNUMBER(#REF!),#REF!,0))*1000000,50000),""x""))","=IF(RC[-4]="""",""x"",IFERROR(FLOOR((RC[-4]*(1+#REF!/100)+IF(ISNUMBER(#REF!),#REF!,0))*1000000,50000),""x""))",x,text,#REF!,True,"[""Logitech""]","[{""sheet"":""Logitech"",""range"":""D131"",""raw"":""D131"",""qualified"":""'Logitech'!D131""}]",A9,price_target_candidate,single_source,broken,comparison_not_possible,unknown,"[""missing_channel_pricing_parameters""]",high,
95d0433e7a5ccb179f15c187,Price List.xlsx,a529c3306d6db3923eb55451562c5a1eb4886861c45b390cddfdfc6f70db6a45,Logitech,visible,H132,132,8,"=IF(D132="""",""x"",IFERROR(FLOOR((D132*(1+#REF!/100)+IF(ISNUMBER(#REF!),#REF!,0))*1000000,50000),""x""))","=IF(RC[-4]="""",""x"",IFERROR(FLOOR((RC[-4]*(1+#REF!/100)+IF(ISNUMBER(#REF!),#REF!,0))*1000000,50000),""x""))",x,text,#REF!,True,"[""Logitech""]","[{""sheet"":""Logitech"",""range"":""D132"",""raw"":""D132"",""qualified"":""'Logitech'!D132""}]",A9,price_target_candidate,single_source,broken,comparison_not_possible,unknown,"[""missing_channel_pricing_parameters""]",high,
68b8beba8118cf6e88c52f53,Price List.xlsx,a529c3306d6db3923eb55451562c5a1eb4886861c45b390cddfdfc6f70db6a45,Logitech,visible,H133,133,8,"=IF(D133="""",""x"",IFERROR(FLOOR((D133*(1+#REF!/100)+IF(ISNUMBER(#REF!),#REF!,0))*1000000,50000),""x""))","=IF(RC[-4]="""",""x"",IFERROR(FLOOR((RC[-4]*(1+#REF!/100)+IF(ISNUMBER(#REF!),#REF!,0))*1000000,50000),""x""))",x,text,#REF!,True,"[""Logitech""]","[{""sheet"":""Logitech"",""range"":""D133"",""raw"":""D133"",""qualified"":""'Logitech'!D133""}]",A9,price_target_candidate,single_source,broken,comparison_not_possible,unknown,"[""missing_channel_pricing_parameters""]",high,
afd8e3a37f6762949d69827c,Price List.xlsx,a529c3306d6db3923eb55451562c5a1eb4886861c45b390cddfdfc6f70db6a45,Logitech,visible,H134,134,8,"=IF(D134="""",""x"",IFERROR(FLOOR((D134*(1+#REF!/100)+IF(ISNUMBER(#REF!),#REF!,0))*1000000,50000),""x""))","=IF(RC[-4]="""",""x"",IFERROR(FLOOR((RC[-4]*(1+#REF!/100)+IF(ISNUMBER(#REF!),#REF!,0))*1000000,50000),""x""))",x,text,#REF!,True,"[""Logitech""]","[{""sheet"":""Logitech"",""range"":""D134"",""raw"":""D134"",""qualified"":""'Logitech'!D134""}]",A9,price_target_candidate,single_source,broken,comparison_not_possible,unknown,"[""missing_channel_pricing_parameters""]",high,
7329494b9636be1afcbd8ca2,Price List.xlsx,a529c3306d6db3923eb55451562c5a1eb4886861c45b390cddfdfc6f70db6a45,Logitech,visible,H135,135,8,"=IF(D135="""",""x"",IFERROR(FLOOR((D135*(1+#REF!/100)+IF(ISNUMBER(#REF!),#REF!,0))*1000000,50000),""x""))","=IF(RC[-4]="""",""x"",IFERROR(FLOOR((RC[-4]*(1+#REF!/100)+IF(ISNUMBER(#REF!),#REF!,0))*1000000,50000),""x""))",x,text,#REF!,True,"[""Logitech""]","[{""sheet"":""Logitech"",""range"":""D135"",""raw"":""D135"",""qualified"":""'Logitech'!D135""}]",A9,price_target_candidate,single_source,broken,comparison_not_possible,unknown,"[""missing_channel_pricing_parameters""]",high,
6256dd8749af3f3e55b6cc4b,Price List.xlsx,a529c3306d6db3923eb55451562c5a1eb4886861c45b390cddfdfc6f70db6a45,Logitech,visible,H136,136,8,"=IF(D136="""",""x"",IFERROR(FLOOR((D136*(1+#REF!/100)+IF(ISNUMBER(#REF!),#REF!,0))*1000000,50000),""x""))","=IF(RC[-4]="""",""x"",IFERROR(FLOOR((RC[-4]*(1+#REF!/100)+IF(ISNUMBER(#REF!),#REF!,0))*1000000,50000),""x""))",x,text,#REF!,True,"[""Logitech""]","[{""sheet"":""Logitech"",""range"":""D136"",""raw"":""D136"",""qualified"":""'Logitech'!D136""}]",A9,price_target_candidate,single_source,broken,comparison_not_possible,unknown,"[""missing_channel_pricing_parameters""]",high,
8bb64f89d23afc14502085a3,Price List.xlsx,a529c3306d6db3923eb55451562c5a1eb4886861c45b390cddfdfc6f70db6a45,Logitech,visible,H137,137,8,"=IF(D137="""",""x"",IFERROR(FLOOR((D137*(1+#REF!/100)+IF(ISNUMBER(#REF!),#REF!,0))*1000000,50000),""x""))","=IF(RC[-4]="""",""x"",IFERROR(FLOOR((RC[-4]*(1+#REF!/100)+IF(ISNUMBER(#REF!),#REF!,0))*1000000,50000),""x""))",x,text,#REF!,True,"[""Logitech""]","[{""sheet"":""Logitech"",""range"":""D137"",""raw"":""D137"",""qualified"":""'Logitech'!D137""}]",A9,price_target_candidate,single_source,broken,comparison_not_possible,unknown,"[""missing_channel_pricing_parameters""]",high,
76784e90c60fed58b1a06a25,Price List.xlsx,a529c3306d6db3923eb55451562c5a1eb4886861c45b390cddfdfc6f70db6a45,Logitech,visible,H138,138,8,"=IF(D138="""",""x"",IFERROR(FLOOR((D138*(1+#REF!/100)+IF(ISNUMBER(#REF!),#REF!,0))*1000000,50000),""x""))","=IF(RC[-4]="""",""x"",IFERROR(FLOOR((RC[-4]*(1+#REF!/100)+IF(ISNUMBER(#REF!),#REF!,0))*1000000,50000),""x""))",x,text,#REF!,True,"[""Logitech""]","[{""sheet"":""Logitech"",""range"":""D138"",""raw"":""D138"",""qualified"":""'Logitech'!D138""}]",A9,price_target_candidate,single_source,broken,comparison_not_possible,unknown,"[""missing_channel_pricing_parameters""]",high,
f03b05c48e535694f713891f,Price List.xlsx,a529c3306d6db3923eb55451562c5a1eb4886861c45b390cddfdfc6f70db6a45,Logitech,visible,H139,139,8,"=IF(D139="""",""x"",IFERROR(FLOOR((D139*(1+#REF!/100)+IF(ISNUMBER(#REF!),#REF!,0))*1000000,50000),""x""))","=IF(RC[-4]="""",""x"",IFERROR(FLOOR((RC[-4]*(1+#REF!/100)+IF(ISNUMBER(#REF!),#REF!,0))*1000000,50000),""x""))",x,text,#REF!,True,"[""Logitech""]","[{""sheet"":""Logitech"",""range"":""D139"",""raw"":""D139"",""qualified"":""'Logitech'!D139""}]",A9,price_target_candidate,single_source,broken,comparison_not_possible,unknown,"[""missing_channel_pricing_parameters""]",high,
9751b7495faed57a139f0556,Price List.xlsx,a529c3306d6db3923eb55451562c5a1eb4886861c45b390cddfdfc6f70db6a45,Logitech,visible,H140,140,8,"=IF(D140="""",""x"",IFERROR(FLOOR((D140*(1+#REF!/100)+IF(ISNUMBER(#REF!),#REF!,0))*1000000,50000),""x""))","=IF(RC[-4]="""",""x"",IFERROR(FLOOR((RC[-4]*(1+#REF!/100)+IF(ISNUMBER(#REF!),#REF!,0))*1000000,50000),""x""))",x,text,#REF!,True,"[""Logitech""]","[{""sheet"":""Logitech"",""range"":""D140"",""raw"":""D140"",""qualified"":""'Logitech'!D140""}]",A9,price_target_candidate,single_source,broken,comparison_not_possible,unknown,"[""missing_channel_pricing_parameters""]",high,
2073df2172a4307dfcaeabf5,Price List.xlsx,a529c3306d6db3923eb55451562c5a1eb4886861c45b390cddfdfc6f70db6a45,Logitech,visible,H141,141,8,"=IF(D141="""",""x"",IFERROR(FLOOR((D141*(1+#REF!/100)+IF(ISNUMBER(#REF!),#REF!,0))*1000000,50000),""x""))","=IF(RC[-4]="""",""x"",IFERROR(FLOOR((RC[-4]*(1+#REF!/100)+IF(ISNUMBER(#REF!),#REF!,0))*1000000,50000),""x""))",x,text,#REF!,True,"[""Logitech""]","[{""sheet"":""Logitech"",""range"":""D141"",""raw"":""D141"",""qualified"":""'Logitech'!D141""}]",A9,price_target_candidate,single_source,broken,comparison_not_possible,unknown,"[""missing_channel_pricing_parameters""]",high,
7ba5008f210dda7956f022e6,Price List.xlsx,a529c3306d6db3923eb55451562c5a1eb4886861c45b390cddfdfc6f70db6a45,Logitech,visible,H142,142,8,"=IF(D142="""",""x"",IFERROR(FLOOR((D142*(1+#REF!/100)+IF(ISNUMBER(#REF!),#REF!,0))*1000000,50000),""x""))","=IF(RC[-4]="""",""x"",IFERROR(FLOOR((RC[-4]*(1+#REF!/100)+IF(ISNUMBER(#REF!),#REF!,0))*1000000,50000),""x""))",x,text,#REF!,True,"[""Logitech""]","[{""sheet"":""Logitech"",""range"":""D142"",""raw"":""D142"",""qualified"":""'Logitech'!D142""}]",A9,price_target_candidate,single_source,broken,comparison_not_possible,unknown,"[""missing_channel_pricing_parameters""]",high,
589e2fa924a27655e574ae81,Price List.xlsx,a529c3306d6db3923eb55451562c5a1eb4886861c45b390cddfdfc6f70db6a45,Logitech,visible,H143,143,8,"=IF(D143="""",""x"",IFERROR(FLOOR((D143*(1+#REF!/100)+IF(ISNUMBER(#REF!),#REF!,0))*1000000,50000),""x""))","=IF(RC[-4]="""",""x"",IFERROR(FLOOR((RC[-4]*(1+#REF!/100)+IF(ISNUMBER(#REF!),#REF!,0))*1000000,50000),""x""))",x,text,#REF!,True,"[""Logitech""]","[{""sheet"":""Logitech"",""range"":""D143"",""raw"":""D143"",""qualified"":""'Logitech'!D143""}]",A9,price_target_candidate,single_source,broken,comparison_not_possible,unknown,"[""missing_channel_pricing_parameters""]",high,
979cfd3fa270e1954bd5bfb4,Price List.xlsx,a529c3306d6db3923eb55451562c5a1eb4886861c45b390cddfdfc6f70db6a45,Logitech,visible,H144,144,8,"=IF(D144="""",""x"",IFERROR(FLOOR((D144*(1+#REF!/100)+IF(ISNUMBER(#REF!),#REF!,0))*1000000,50000),""x""))","=IF(RC[-4]="""",""x"",IFERROR(FLOOR((RC[-4]*(1+#REF!/100)+IF(ISNUMBER(#REF!),#REF!,0))*1000000,50000),""x""))",x,text,#REF!,True,"[""Logitech""]","[{""sheet"":""Logitech"",""range"":""D144"",""raw"":""D144"",""qualified"":""'Logitech'!D144""}]",A9,price_target_candidate,single_source,broken,comparison_not_possible,unknown,"[""missing_channel_pricing_parameters""]",high,
388bcf7e6f4de724d57c8e79,Price List.xlsx,a529c3306d6db3923eb55451562c5a1eb4886861c45b390cddfdfc6f70db6a45,Logitech,visible,H145,145,8,"=IF(D145="""",""x"",IFERROR(FLOOR((D145*(1+#REF!/100)+IF(ISNUMBER(#REF!),#REF!,0))*1000000,50000),""x""))","=IF(RC[-4]="""",""x"",IFERROR(FLOOR((RC[-4]*(1+#REF!/100)+IF(ISNUMBER(#REF!),#REF!,0))*1000000,50000),""x""))",x,text,#REF!,True,"[""Logitech""]","[{""sheet"":""Logitech"",""range"":""D145"",""raw"":""D145"",""qualified"":""'Logitech'!D145""}]",A9,price_target_candidate,single_source,broken,comparison_not_possible,unknown,"[""missing_channel_pricing_parameters""]",high,
1a6fd28c11abe4cabca4b55c,Price List.xlsx,a529c3306d6db3923eb55451562c5a1eb4886861c45b390cddfdfc6f70db6a45,Logitech,visible,H146,146,8,"=IF(D146="""",""x"",IFERROR(FLOOR((D146*(1+#REF!/100)+IF(ISNUMBER(#REF!),#REF!,0))*1000000,50000),""x""))","=IF(RC[-4]="""",""x"",IFERROR(FLOOR((RC[-4]*(1+#REF!/100)+IF(ISNUMBER(#REF!),#REF!,0))*1000000,50000),""x""))",x,text,#REF!,True,"[""Logitech""]","[{""sheet"":""Logitech"",""range"":""D146"",""raw"":""D146"",""qualified"":""'Logitech'!D146""}]",A9,price_target_candidate,single_source,broken,comparison_not_possible,unknown,"[""missing_channel_pricing_parameters""]",high,
6af3492bf7ed47ed352ee656,Price List.xlsx,a529c3306d6db3923eb55451562c5a1eb4886861c45b390cddfdfc6f70db6a45,Logitech,visible,H147,147,8,"=IF(D147="""",""x"",IFERROR(FLOOR((D147*(1+#REF!/100)+IF(ISNUMBER(#REF!),#REF!,0))*1000000,50000),""x""))","=IF(RC[-4]="""",""x"",IFERROR(FLOOR((RC[-4]*(1+#REF!/100)+IF(ISNUMBER(#REF!),#REF!,0))*1000000,50000),""x""))",x,text,#REF!,True,"[""Logitech""]","[{""sheet"":""Logitech"",""range"":""D147"",""raw"":""D147"",""qualified"":""'Logitech'!D147""}]",A9,price_target_candidate,single_source,broken,comparison_not_possible,unknown,"[""missing_channel_pricing_parameters""]",high,
e2b684093cb865dd6b355954,Price List.xlsx,a529c3306d6db3923eb55451562c5a1eb4886861c45b390cddfdfc6f70db6a45,Logitech,visible,H148,148,8,"=IF(D148="""",""x"",IFERROR(FLOOR((D148*(1+#REF!/100)+IF(ISNUMBER(#REF!),#REF!,0))*1000000,50000),""x""))","=IF(RC[-4]="""",""x"",IFERROR(FLOOR((RC[-4]*(1+#REF!/100)+IF(ISNUMBER(#REF!),#REF!,0))*1000000,50000),""x""))",x,text,#REF!,True,"[""Logitech""]","[{""sheet"":""Logitech"",""range"":""D148"",""raw"":""D148"",""qualified"":""'Logitech'!D148""}]",A9,price_target_candidate,single_source,broken,comparison_not_possible,unknown,"[""missing_channel_pricing_parameters""]",high,
e3708180d502e9b58e2ff1d2,Price List.xlsx,a529c3306d6db3923eb55451562c5a1eb4886861c45b390cddfdfc6f70db6a45,Logitech,visible,H149,149,8,"=IF(D149="""",""x"",IFERROR(FLOOR((D149*(1+#REF!/100)+IF(ISNUMBER(#REF!),#REF!,0))*1000000,50000),""x""))","=IF(RC[-4]="""",""x"",IFERROR(FLOOR((RC[-4]*(1+#REF!/100)+IF(ISNUMBER(#REF!),#REF!,0))*1000000,50000),""x""))",x,text,#REF!,True,"[""Logitech""]","[{""sheet"":""Logitech"",""range"":""D149"",""raw"":""D149"",""qualified"":""'Logitech'!D149""}]",A9,price_target_candidate,single_source,broken,comparison_not_possible,unknown,"[""missing_channel_pricing_parameters""]",high,
08239a03fa3ebddcfc3c3121,Price List.xlsx,a529c3306d6db3923eb55451562c5a1eb4886861c45b390cddfdfc6f70db6a45,Logitech,visible,H150,150,8,"=IF(D150="""",""x"",IFERROR(FLOOR((D150*(1+#REF!/100)+IF(ISNUMBER(#REF!),#REF!,0))*1000000,50000),""x""))","=IF(RC[-4]="""",""x"",IFERROR(FLOOR((RC[-4]*(1+#REF!/100)+IF(ISNUMBER(#REF!),#REF!,0))*1000000,50000),""x""))",x,text,#REF!,True,"[""Logitech""]","[{""sheet"":""Logitech"",""range"":""D150"",""raw"":""D150"",""qualified"":""'Logitech'!D150""}]",A9,price_target_candidate,single_source,broken,comparison_not_possible,unknown,"[""missing_channel_pricing_parameters""]",high,
a010ac18e6f60e2d599e65e1,Price List.xlsx,a529c3306d6db3923eb55451562c5a1eb4886861c45b390cddfdfc6f70db6a45,Logitech,visible,H151,151,8,"=IF(D151="""",""x"",IFERROR(FLOOR((D151*(1+#REF!/100)+IF(ISNUMBER(#REF!),#REF!,0))*1000000,50000),""x""))","=IF(RC[-4]="""",""x"",IFERROR(FLOOR((RC[-4]*(1+#REF!/100)+IF(ISNUMBER(#REF!),#REF!,0))*1000000,50000),""x""))",x,text,#REF!,True,"[""Logitech""]","[{""sheet"":""Logitech"",""range"":""D151"",""raw"":""D151"",""qualified"":""'Logitech'!D151""}]",A9,price_target_candidate,single_source,broken,comparison_not_possible,unknown,"[""missing_channel_pricing_parameters""]",high,
f27c5a9c7121d52dfb2b9ccc,Price List.xlsx,a529c3306d6db3923eb55451562c5a1eb4886861c45b390cddfdfc6f70db6a45,Logitech,visible,H152,152,8,"=IF(D152="""",""x"",IFERROR(FLOOR((D152*(1+#REF!/100)+IF(ISNUMBER(#REF!),#REF!,0))*1000000,50000),""x""))","=IF(RC[-4]="""",""x"",IFERROR(FLOOR((RC[-4]*(1+#REF!/100)+IF(ISNUMBER(#REF!),#REF!,0))*1000000,50000),""x""))",x,text,#REF!,True,"[""Logitech""]","[{""sheet"":""Logitech"",""range"":""D152"",""raw"":""D152"",""qualified"":""'Logitech'!D152""}]",A9,price_target_candidate,single_source,broken,comparison_not_possible,unknown,"[""missing_channel_pricing_parameters""]",high,
75bbebd5c481ff0890f889cc,Price List.xlsx,a529c3306d6db3923eb55451562c5a1eb4886861c45b390cddfdfc6f70db6a45,Logitech,visible,H153,153,8,"=IF(D153="""",""x"",IFERROR(FLOOR((D153*(1+#REF!/100)+IF(ISNUMBER(#REF!),#REF!,0))*1000000,50000),""x""))","=IF(RC[-4]="""",""x"",IFERROR(FLOOR((RC[-4]*(1+#REF!/100)+IF(ISNUMBER(#REF!),#REF!,0))*1000000,50000),""x""))",x,text,#REF!,True,"[""Logitech""]","[{""sheet"":""Logitech"",""range"":""D153"",""raw"":""D153"",""qualified"":""'Logitech'!D153""}]",A9,price_target_candidate,single_source,broken,comparison_not_possible,unknown,"[""missing_channel_pricing_parameters""]",high,
afcefd18a67d009607b3372f,Price List.xlsx,a529c3306d6db3923eb55451562c5a1eb4886861c45b390cddfdfc6f70db6a45,Logitech,visible,H154,154,8,"=IF(D154="""",""x"",IFERROR(FLOOR((D154*(1+#REF!/100)+IF(ISNUMBER(#REF!),#REF!,0))*1000000,50000),""x""))","=IF(RC[-4]="""",""x"",IFERROR(FLOOR((RC[-4]*(1+#REF!/100)+IF(ISNUMBER(#REF!),#REF!,0))*1000000,50000),""x""))",x,text,#REF!,True,"[""Logitech""]","[{""sheet"":""Logitech"",""range"":""D154"",""raw"":""D154"",""qualified"":""'Logitech'!D154""}]",A9,price_target_candidate,single_source,broken,comparison_not_possible,unknown,"[""missing_channel_pricing_parameters""]",high,
fba8e50e496088c227117a15,Price List.xlsx,a529c3306d6db3923eb55451562c5a1eb4886861c45b390cddfdfc6f70db6a45,Logitech,visible,H155,155,8,"=IF(D155="""",""x"",IFERROR(FLOOR((D155*(1+#REF!/100)+IF(ISNUMBER(#REF!),#REF!,0))*1000000,50000),""x""))","=IF(RC[-4]="""",""x"",IFERROR(FLOOR((RC[-4]*(1+#REF!/100)+IF(ISNUMBER(#REF!),#REF!,0))*1000000,50000),""x""))",x,text,#REF!,True,"[""Logitech""]","[{""sheet"":""Logitech"",""range"":""D155"",""raw"":""D155"",""qualified"":""'Logitech'!D155""}]",A9,price_target_candidate,single_source,broken,comparison_not_possible,unknown,"[""missing_channel_pricing_parameters""]",high,
487ae961b2be05c28c418402,Price List.xlsx,a529c3306d6db3923eb55451562c5a1eb4886861c45b390cddfdfc6f70db6a45,Logitech,visible,H156,156,8,"=IF(D156="""",""x"",IFERROR(FLOOR((D156*(1+#REF!/100)+IF(ISNUMBER(#REF!),#REF!,0))*1000000,50000),""x""))","=IF(RC[-4]="""",""x"",IFERROR(FLOOR((RC[-4]*(1+#REF!/100)+IF(ISNUMBER(#REF!),#REF!,0))*1000000,50000),""x""))",x,text,#REF!,True,"[""Logitech""]","[{""sheet"":""Logitech"",""range"":""D156"",""raw"":""D156"",""qualified"":""'Logitech'!D156""}]",A9,price_target_candidate,single_source,broken,comparison_not_possible,unknown,"[""missing_channel_pricing_parameters""]",high,
57f102f3b93f313000c06741,Price List.xlsx,a529c3306d6db3923eb55451562c5a1eb4886861c45b390cddfdfc6f70db6a45,Logitech,visible,H157,157,8,"=IF(D157="""",""x"",IFERROR(FLOOR((D157*(1+#REF!/100)+IF(ISNUMBER(#REF!),#REF!,0))*1000000,50000),""x""))","=IF(RC[-4]="""",""x"",IFERROR(FLOOR((RC[-4]*(1+#REF!/100)+IF(ISNUMBER(#REF!),#REF!,0))*1000000,50000),""x""))",x,text,#REF!,True,"[""Logitech""]","[{""sheet"":""Logitech"",""range"":""D157"",""raw"":""D157"",""qualified"":""'Logitech'!D157""}]",A9,price_target_candidate,single_source,broken,comparison_not_possible,unknown,"[""missing_channel_pricing_parameters""]",high,
97fc7b78cb48e0cff8d8d2e4,Price List.xlsx,a529c3306d6db3923eb55451562c5a1eb4886861c45b390cddfdfc6f70db6a45,Logitech,visible,H158,158,8,"=IF(D158="""",""x"",IFERROR(FLOOR((D158*(1+#REF!/100)+IF(ISNUMBER(#REF!),#REF!,0))*1000000,50000),""x""))","=IF(RC[-4]="""",""x"",IFERROR(FLOOR((RC[-4]*(1+#REF!/100)+IF(ISNUMBER(#REF!),#REF!,0))*1000000,50000),""x""))",x,text,#REF!,True,"[""Logitech""]","[{""sheet"":""Logitech"",""range"":""D158"",""raw"":""D158"",""qualified"":""'Logitech'!D158""}]",A9,price_target_candidate,single_source,broken,comparison_not_possible,unknown,"[""missing_channel_pricing_parameters""]",high,
4421a4103410e291d1c11f0d,Price List.xlsx,a529c3306d6db3923eb55451562c5a1eb4886861c45b390cddfdfc6f70db6a45,Logitech,visible,H159,159,8,"=IF(D159="""",""x"",IFERROR(FLOOR((D159*(1+#REF!/100)+IF(ISNUMBER(#REF!),#REF!,0))*1000000,50000),""x""))","=IF(RC[-4]="""",""x"",IFERROR(FLOOR((RC[-4]*(1+#REF!/100)+IF(ISNUMBER(#REF!),#REF!,0))*1000000,50000),""x""))",x,text,#REF!,True,"[""Logitech""]","[{""sheet"":""Logitech"",""range"":""D159"",""raw"":""D159"",""qualified"":""'Logitech'!D159""}]",A9,price_target_candidate,single_source,broken,comparison_not_possible,unknown,"[""missing_channel_pricing_parameters""]",high,
51561039960009a12864b8b8,Price List.xlsx,a529c3306d6db3923eb55451562c5a1eb4886861c45b390cddfdfc6f70db6a45,Logitech,visible,H160,160,8,"=IF(D160="""",""x"",IFERROR(FLOOR((D160*(1+#REF!/100)+IF(ISNUMBER(#REF!),#REF!,0))*1000000,50000),""x""))","=IF(RC[-4]="""",""x"",IFERROR(FLOOR((RC[-4]*(1+#REF!/100)+IF(ISNUMBER(#REF!),#REF!,0))*1000000,50000),""x""))",x,text,#REF!,True,"[""Logitech""]","[{""sheet"":""Logitech"",""range"":""D160"",""raw"":""D160"",""qualified"":""'Logitech'!D160""}]",A9,price_target_candidate,single_source,broken,comparison_not_possible,unknown,"[""missing_channel_pricing_parameters""]",high,
8732e32e45c54f6923acd3bf,Price List.xlsx,a529c3306d6db3923eb55451562c5a1eb4886861c45b390cddfdfc6f70db6a45,Logitech,visible,H161,161,8,"=IF(D161="""",""x"",IFERROR(FLOOR((D161*(1+#REF!/100)+IF(ISNUMBER(#REF!),#REF!,0))*1000000,50000),""x""))","=IF(RC[-4]="""",""x"",IFERROR(FLOOR((RC[-4]*(1+#REF!/100)+IF(ISNUMBER(#REF!),#REF!,0))*1000000,50000),""x""))",x,text,#REF!,True,"[""Logitech""]","[{""sheet"":""Logitech"",""range"":""D161"",""raw"":""D161"",""qualified"":""'Logitech'!D161""}]",A9,price_target_candidate,single_source,broken,comparison_not_possible,unknown,"[""missing_channel_pricing_parameters""]",high,
f2511db3d455937c9ddf7e7e,Price List.xlsx,a529c3306d6db3923eb55451562c5a1eb4886861c45b390cddfdfc6f70db6a45,Logitech,visible,H162,162,8,"=IF(D162="""",""x"",IFERROR(FLOOR((D162*(1+#REF!/100)+IF(ISNUMBER(#REF!),#REF!,0))*1000000,50000),""x""))","=IF(RC[-4]="""",""x"",IFERROR(FLOOR((RC[-4]*(1+#REF!/100)+IF(ISNUMBER(#REF!),#REF!,0))*1000000,50000),""x""))",x,text,#REF!,True,"[""Logitech""]","[{""sheet"":""Logitech"",""range"":""D162"",""raw"":""D162"",""qualified"":""'Logitech'!D162""}]",A9,price_target_candidate,single_source,broken,comparison_not_possible,unknown,"[""missing_channel_pricing_parameters""]",high,
58075a9d5d591cda2f66470f,Price List.xlsx,a529c3306d6db3923eb55451562c5a1eb4886861c45b390cddfdfc6f70db6a45,Logitech,visible,H163,163,8,"=IF(D163="""",""x"",IFERROR(FLOOR((D163*(1+#REF!/100)+IF(ISNUMBER(#REF!),#REF!,0))*1000000,50000),""x""))","=IF(RC[-4]="""",""x"",IFERROR(FLOOR((RC[-4]*(1+#REF!/100)+IF(ISNUMBER(#REF!),#REF!,0))*1000000,50000),""x""))",x,text,#REF!,True,"[""Logitech""]","[{""sheet"":""Logitech"",""range"":""D163"",""raw"":""D163"",""qualified"":""'Logitech'!D163""}]",A9,price_target_candidate,single_source,broken,comparison_not_possible,unknown,"[""missing_channel_pricing_parameters""]",high,
c1b27f68f85b1db691fbaa37,Price List.xlsx,a529c3306d6db3923eb55451562c5a1eb4886861c45b390cddfdfc6f70db6a45,Logitech,visible,H164,164,8,"=IF(D164="""",""x"",IFERROR(FLOOR((D164*(1+#REF!/100)+IF(ISNUMBER(#REF!),#REF!,0))*1000000,50000),""x""))","=IF(RC[-4]="""",""x"",IFERROR(FLOOR((RC[-4]*(1+#REF!/100)+IF(ISNUMBER(#REF!),#REF!,0))*1000000,50000),""x""))",x,text,#REF!,True,"[""Logitech""]","[{""sheet"":""Logitech"",""range"":""D164"",""raw"":""D164"",""qualified"":""'Logitech'!D164""}]",A9,price_target_candidate,single_source,broken,comparison_not_possible,unknown,"[""missing_channel_pricing_parameters""]",high,
8c075ee4526cb220e31c9229,Price List.xlsx,a529c3306d6db3923eb55451562c5a1eb4886861c45b390cddfdfc6f70db6a45,Logitech,visible,H165,165,8,"=IF(D165="""",""x"",IFERROR(FLOOR((D165*(1+#REF!/100)+IF(ISNUMBER(#REF!),#REF!,0))*1000000,50000),""x""))","=IF(RC[-4]="""",""x"",IFERROR(FLOOR((RC[-4]*(1+#REF!/100)+IF(ISNUMBER(#REF!),#REF!,0))*1000000,50000),""x""))",x,text,#REF!,True,"[""Logitech""]","[{""sheet"":""Logitech"",""range"":""D165"",""raw"":""D165"",""qualified"":""'Logitech'!D165""}]",A9,price_target_candidate,single_source,broken,comparison_not_possible,unknown,"[""missing_channel_pricing_parameters""]",high,
bcc883020ecf33cd5b35fb1e,Price List.xlsx,a529c3306d6db3923eb55451562c5a1eb4886861c45b390cddfdfc6f70db6a45,Logitech,visible,H166,166,8,"=IF(D166="""",""x"",IFERROR(FLOOR((D166*(1+#REF!/100)+IF(ISNUMBER(#REF!),#REF!,0))*1000000,50000),""x""))","=IF(RC[-4]="""",""x"",IFERROR(FLOOR((RC[-4]*(1+#REF!/100)+IF(ISNUMBER(#REF!),#REF!,0))*1000000,50000),""x""))",x,text,#REF!,True,"[""Logitech""]","[{""sheet"":""Logitech"",""range"":""D166"",""raw"":""D166"",""qualified"":""'Logitech'!D166""}]",A9,price_target_candidate,single_source,broken,comparison_not_possible,unknown,"[""missing_channel_pricing_parameters""]",high,
2771eab8a1810fdd4191b9d5,Price List.xlsx,a529c3306d6db3923eb55451562c5a1eb4886861c45b390cddfdfc6f70db6a45,Logitech,visible,H167,167,8,"=IF(D167="""",""x"",IFERROR(FLOOR((D167*(1+#REF!/100)+IF(ISNUMBER(#REF!),#REF!,0))*1000000,50000),""x""))","=IF(RC[-4]="""",""x"",IFERROR(FLOOR((RC[-4]*(1+#REF!/100)+IF(ISNUMBER(#REF!),#REF!,0))*1000000,50000),""x""))",x,text,#REF!,True,"[""Logitech""]","[{""sheet"":""Logitech"",""range"":""D167"",""raw"":""D167"",""qualified"":""'Logitech'!D167""}]",A9,price_target_candidate,single_source,broken,comparison_not_possible,unknown,"[""missing_channel_pricing_parameters""]",high,
d3f38389b752e5a679ed470d,Price List.xlsx,a529c3306d6db3923eb55451562c5a1eb4886861c45b390cddfdfc6f70db6a45,Logitech,visible,H168,168,8,"=IF(D168="""",""x"",IFERROR(FLOOR((D168*(1+#REF!/100)+IF(ISNUMBER(#REF!),#REF!,0))*1000000,50000),""x""))","=IF(RC[-4]="""",""x"",IFERROR(FLOOR((RC[-4]*(1+#REF!/100)+IF(ISNUMBER(#REF!),#REF!,0))*1000000,50000),""x""))",x,text,#REF!,True,"[""Logitech""]","[{""sheet"":""Logitech"",""range"":""D168"",""raw"":""D168"",""qualified"":""'Logitech'!D168""}]",A9,price_target_candidate,single_source,broken,comparison_not_possible,unknown,"[""missing_channel_pricing_parameters""]",high,
25b3d0f54cd6e2a0c275f6d3,Price List.xlsx,a529c3306d6db3923eb55451562c5a1eb4886861c45b390cddfdfc6f70db6a45,Logitech,visible,H169,169,8,"=IF(D169="""",""x"",IFERROR(FLOOR((D169*(1+#REF!/100)+IF(ISNUMBER(#REF!),#REF!,0))*1000000,50000),""x""))","=IF(RC[-4]="""",""x"",IFERROR(FLOOR((RC[-4]*(1+#REF!/100)+IF(ISNUMBER(#REF!),#REF!,0))*1000000,50000),""x""))",x,text,#REF!,True,"[""Logitech""]","[{""sheet"":""Logitech"",""range"":""D169"",""raw"":""D169"",""qualified"":""'Logitech'!D169""}]",A9,price_target_candidate,single_source,broken,comparison_not_possible,unknown,"[""missing_channel_pricing_parameters""]",high,
97109952c8fd48bde88ae296,Price List.xlsx,a529c3306d6db3923eb55451562c5a1eb4886861c45b390cddfdfc6f70db6a45,Logitech,visible,H170,170,8,"=IF(D170="""",""x"",IFERROR(FLOOR((D170*(1+#REF!/100)+IF(ISNUMBER(#REF!),#REF!,0))*1000000,50000),""x""))","=IF(RC[-4]="""",""x"",IFERROR(FLOOR((RC[-4]*(1+#REF!/100)+IF(ISNUMBER(#REF!),#REF!,0))*1000000,50000),""x""))",x,text,#REF!,True,"[""Logitech""]","[{""sheet"":""Logitech"",""range"":""D170"",""raw"":""D170"",""qualified"":""'Logitech'!D170""}]",A9,price_target_candidate,single_source,broken,comparison_not_possible,unknown,"[""missing_channel_pricing_parameters""]",high,
cd04625601b12046952f4363,Price List.xlsx,a529c3306d6db3923eb55451562c5a1eb4886861c45b390cddfdfc6f70db6a45,Logitech,visible,H171,171,8,"=IF(D171="""",""x"",IFERROR(FLOOR((D171*(1+#REF!/100)+IF(ISNUMBER(#REF!),#REF!,0))*1000000,50000),""x""))","=IF(RC[-4]="""",""x"",IFERROR(FLOOR((RC[-4]*(1+#REF!/100)+IF(ISNUMBER(#REF!),#REF!,0))*1000000,50000),""x""))",x,text,#REF!,True,"[""Logitech""]","[{""sheet"":""Logitech"",""range"":""D171"",""raw"":""D171"",""qualified"":""'Logitech'!D171""}]",A9,price_target_candidate,single_source,broken,comparison_not_possible,unknown,"[""missing_channel_pricing_parameters""]",high,
c90bde99c288ca91640a16ee,Price List.xlsx,a529c3306d6db3923eb55451562c5a1eb4886861c45b390cddfdfc6f70db6a45,Logitech,visible,H172,172,8,"=IF(D172="""",""x"",IFERROR(FLOOR((D172*(1+#REF!/100)+IF(ISNUMBER(#REF!),#REF!,0))*1000000,50000),""x""))","=IF(RC[-4]="""",""x"",IFERROR(FLOOR((RC[-4]*(1+#REF!/100)+IF(ISNUMBER(#REF!),#REF!,0))*1000000,50000),""x""))",x,text,#REF!,True,"[""Logitech""]","[{""sheet"":""Logitech"",""range"":""D172"",""raw"":""D172"",""qualified"":""'Logitech'!D172""}]",A9,price_target_candidate,single_source,broken,comparison_not_possible,unknown,"[""missing_channel_pricing_parameters""]",high,
7a66c682b36d9347d82f0ebf,Price List.xlsx,a529c3306d6db3923eb55451562c5a1eb4886861c45b390cddfdfc6f70db6a45,Logitech,visible,H173,173,8,"=IF(D173="""",""x"",IFERROR(FLOOR((D173*(1+#REF!/100)+IF(ISNUMBER(#REF!),#REF!,0))*1000000,50000),""x""))","=IF(RC[-4]="""",""x"",IFERROR(FLOOR((RC[-4]*(1+#REF!/100)+IF(ISNUMBER(#REF!),#REF!,0))*1000000,50000),""x""))",x,text,#REF!,True,"[""Logitech""]","[{""sheet"":""Logitech"",""range"":""D173"",""raw"":""D173"",""qualified"":""'Logitech'!D173""}]",A9,price_target_candidate,single_source,broken,comparison_not_possible,unknown,"[""missing_channel_pricing_parameters""]",high,
d9f3c7d0440d2b9c3f80db0e,Price List.xlsx,a529c3306d6db3923eb55451562c5a1eb4886861c45b390cddfdfc6f70db6a45,Logitech,visible,H174,174,8,"=IF(D174="""",""x"",IFERROR(FLOOR((D174*(1+#REF!/100)+IF(ISNUMBER(#REF!),#REF!,0))*1000000,50000),""x""))","=IF(RC[-4]="""",""x"",IFERROR(FLOOR((RC[-4]*(1+#REF!/100)+IF(ISNUMBER(#REF!),#REF!,0))*1000000,50000),""x""))",x,text,#REF!,True,"[""Logitech""]","[{""sheet"":""Logitech"",""range"":""D174"",""raw"":""D174"",""qualified"":""'Logitech'!D174""}]",A9,price_target_candidate,single_source,broken,comparison_not_possible,unknown,"[""missing_channel_pricing_parameters""]",high,
aa0f4a2fb404314ce50297ba,Price List.xlsx,a529c3306d6db3923eb55451562c5a1eb4886861c45b390cddfdfc6f70db6a45,Logitech,visible,H175,175,8,"=IF(D175="""",""x"",IFERROR(FLOOR((D175*(1+#REF!/100)+IF(ISNUMBER(#REF!),#REF!,0))*1000000,50000),""x""))","=IF(RC[-4]="""",""x"",IFERROR(FLOOR((RC[-4]*(1+#REF!/100)+IF(ISNUMBER(#REF!),#REF!,0))*1000000,50000),""x""))",x,text,#REF!,True,"[""Logitech""]","[{""sheet"":""Logitech"",""range"":""D175"",""raw"":""D175"",""qualified"":""'Logitech'!D175""}]",A9,price_target_candidate,single_source,broken,comparison_not_possible,unknown,"[""missing_channel_pricing_parameters""]",high,
cfca7cc94b5e73d6b2cf6689,Price List.xlsx,a529c3306d6db3923eb55451562c5a1eb4886861c45b390cddfdfc6f70db6a45,Logitech,visible,H176,176,8,"=IF(D176="""",""x"",IFERROR(FLOOR((D176*(1+#REF!/100)+IF(ISNUMBER(#REF!),#REF!,0))*1000000,50000),""x""))","=IF(RC[-4]="""",""x"",IFERROR(FLOOR((RC[-4]*(1+#REF!/100)+IF(ISNUMBER(#REF!),#REF!,0))*1000000,50000),""x""))",x,text,#REF!,True,"[""Logitech""]","[{""sheet"":""Logitech"",""range"":""D176"",""raw"":""D176"",""qualified"":""'Logitech'!D176""}]",A9,price_target_candidate,single_source,broken,comparison_not_possible,unknown,"[""missing_channel_pricing_parameters""]",high,
f386db95464e12ebd27d8f71,Price List.xlsx,a529c3306d6db3923eb55451562c5a1eb4886861c45b390cddfdfc6f70db6a45,Logitech,visible,H177,177,8,"=IF(D177="""",""x"",IFERROR(FLOOR((D177*(1+#REF!/100)+IF(ISNUMBER(#REF!),#REF!,0))*1000000,50000),""x""))","=IF(RC[-4]="""",""x"",IFERROR(FLOOR((RC[-4]*(1+#REF!/100)+IF(ISNUMBER(#REF!),#REF!,0))*1000000,50000),""x""))",x,text,#REF!,True,"[""Logitech""]","[{""sheet"":""Logitech"",""range"":""D177"",""raw"":""D177"",""qualified"":""'Logitech'!D177""}]",A9,price_target_candidate,single_source,broken,comparison_not_possible,unknown,"[""missing_channel_pricing_parameters""]",high,
3a5a93b1f6b78d20afc0c04e,Price List.xlsx,a529c3306d6db3923eb55451562c5a1eb4886861c45b390cddfdfc6f70db6a45,Logitech,visible,H178,178,8,"=IF(D178="""",""x"",IFERROR(FLOOR((D178*(1+#REF!/100)+IF(ISNUMBER(#REF!),#REF!,0))*1000000,50000),""x""))","=IF(RC[-4]="""",""x"",IFERROR(FLOOR((RC[-4]*(1+#REF!/100)+IF(ISNUMBER(#REF!),#REF!,0))*1000000,50000),""x""))",x,text,#REF!,True,"[""Logitech""]","[{""sheet"":""Logitech"",""range"":""D178"",""raw"":""D178"",""qualified"":""'Logitech'!D178""}]",A9,price_target_candidate,single_source,broken,comparison_not_possible,unknown,"[""missing_channel_pricing_parameters""]",high,
4829a996292fdcdfd9335b97,Price List.xlsx,a529c3306d6db3923eb55451562c5a1eb4886861c45b390cddfdfc6f70db6a45,Logitech,visible,H179,179,8,"=IF(D179="""",""x"",IFERROR(FLOOR((D179*(1+#REF!/100)+IF(ISNUMBER(#REF!),#REF!,0))*1000000,50000),""x""))","=IF(RC[-4]="""",""x"",IFERROR(FLOOR((RC[-4]*(1+#REF!/100)+IF(ISNUMBER(#REF!),#REF!,0))*1000000,50000),""x""))",x,text,#REF!,True,"[""Logitech""]","[{""sheet"":""Logitech"",""range"":""D179"",""raw"":""D179"",""qualified"":""'Logitech'!D179""}]",A9,price_target_candidate,single_source,broken,comparison_not_possible,unknown,"[""missing_channel_pricing_parameters""]",high,
8988b07ad160cf2572a7bbf0,Price List.xlsx,a529c3306d6db3923eb55451562c5a1eb4886861c45b390cddfdfc6f70db6a45,Logitech,visible,H180,180,8,"=IF(D180="""",""x"",IFERROR(FLOOR((D180*(1+#REF!/100)+IF(ISNUMBER(#REF!),#REF!,0))*1000000,50000),""x""))","=IF(RC[-4]="""",""x"",IFERROR(FLOOR((RC[-4]*(1+#REF!/100)+IF(ISNUMBER(#REF!),#REF!,0))*1000000,50000),""x""))",x,text,#REF!,True,"[""Logitech""]","[{""sheet"":""Logitech"",""range"":""D180"",""raw"":""D180"",""qualified"":""'Logitech'!D180""}]",A9,price_target_candidate,single_source,broken,comparison_not_possible,unknown,"[""missing_channel_pricing_parameters""]",high,
aaf7e94734ba7c14bd2c9f90,Price List.xlsx,a529c3306d6db3923eb55451562c5a1eb4886861c45b390cddfdfc6f70db6a45,Logitech,visible,H181,181,8,"=IF(D181="""",""x"",IFERROR(FLOOR((D181*(1+#REF!/100)+IF(ISNUMBER(#REF!),#REF!,0))*1000000,50000),""x""))","=IF(RC[-4]="""",""x"",IFERROR(FLOOR((RC[-4]*(1+#REF!/100)+IF(ISNUMBER(#REF!),#REF!,0))*1000000,50000),""x""))",x,text,#REF!,True,"[""Logitech""]","[{""sheet"":""Logitech"",""range"":""D181"",""raw"":""D181"",""qualified"":""'Logitech'!D181""}]",A9,price_target_candidate,single_source,broken,comparison_not_possible,unknown,"[""missing_channel_pricing_parameters""]",high,
7168b87b0911a86e4719e8b3,Price List.xlsx,a529c3306d6db3923eb55451562c5a1eb4886861c45b390cddfdfc6f70db6a45,Logitech,visible,H182,182,8,"=IF(D182="""",""x"",IFERROR(FLOOR((D182*(1+#REF!/100)+IF(ISNUMBER(#REF!),#REF!,0))*1000000,50000),""x""))","=IF(RC[-4]="""",""x"",IFERROR(FLOOR((RC[-4]*(1+#REF!/100)+IF(ISNUMBER(#REF!),#REF!,0))*1000000,50000),""x""))",x,text,#REF!,True,"[""Logitech""]","[{""sheet"":""Logitech"",""range"":""D182"",""raw"":""D182"",""qualified"":""'Logitech'!D182""}]",A9,price_target_candidate,single_source,broken,comparison_not_possible,unknown,"[""missing_channel_pricing_parameters""]",high,
a0ac19d57cc54499f7dd3247,Price List.xlsx,a529c3306d6db3923eb55451562c5a1eb4886861c45b390cddfdfc6f70db6a45,Logitech,visible,H183,183,8,"=IF(D183="""",""x"",IFERROR(FLOOR((D183*(1+#REF!/100)+IF(ISNUMBER(#REF!),#REF!,0))*1000000,50000),""x""))","=IF(RC[-4]="""",""x"",IFERROR(FLOOR((RC[-4]*(1+#REF!/100)+IF(ISNUMBER(#REF!),#REF!,0))*1000000,50000),""x""))",x,text,#REF!,True,"[""Logitech""]","[{""sheet"":""Logitech"",""range"":""D183"",""raw"":""D183"",""qualified"":""'Logitech'!D183""}]",A9,price_target_candidate,single_source,broken,comparison_not_possible,unknown,"[""missing_channel_pricing_parameters""]",high,
6afd376d2b99638f8c711edc,Price List.xlsx,a529c3306d6db3923eb55451562c5a1eb4886861c45b390cddfdfc6f70db6a45,Logitech,visible,H184,184,8,"=IF(D184="""",""x"",IFERROR(FLOOR((D184*(1+#REF!/100)+IF(ISNUMBER(#REF!),#REF!,0))*1000000,50000),""x""))","=IF(RC[-4]="""",""x"",IFERROR(FLOOR((RC[-4]*(1+#REF!/100)+IF(ISNUMBER(#REF!),#REF!,0))*1000000,50000),""x""))",x,text,#REF!,True,"[""Logitech""]","[{""sheet"":""Logitech"",""range"":""D184"",""raw"":""D184"",""qualified"":""'Logitech'!D184""}]",A9,price_target_candidate,single_source,broken,comparison_not_possible,unknown,"[""missing_channel_pricing_parameters""]",high,
1db3f73006a4f721b3e23c73,Price List.xlsx,a529c3306d6db3923eb55451562c5a1eb4886861c45b390cddfdfc6f70db6a45,Logitech,visible,H185,185,8,"=IF(D185="""",""x"",IFERROR(FLOOR((D185*(1+#REF!/100)+IF(ISNUMBER(#REF!),#REF!,0))*1000000,50000),""x""))","=IF(RC[-4]="""",""x"",IFERROR(FLOOR((RC[-4]*(1+#REF!/100)+IF(ISNUMBER(#REF!),#REF!,0))*1000000,50000),""x""))",x,text,#REF!,True,"[""Logitech""]","[{""sheet"":""Logitech"",""range"":""D185"",""raw"":""D185"",""qualified"":""'Logitech'!D185""}]",A9,price_target_candidate,single_source,broken,comparison_not_possible,unknown,"[""missing_channel_pricing_parameters""]",high,
a8603ddf88496dd1c709a785,Price List.xlsx,a529c3306d6db3923eb55451562c5a1eb4886861c45b390cddfdfc6f70db6a45,Logitech,visible,H186,186,8,"=IF(D186="""",""x"",IFERROR(FLOOR((D186*(1+#REF!/100)+IF(ISNUMBER(#REF!),#REF!,0))*1000000,50000),""x""))","=IF(RC[-4]="""",""x"",IFERROR(FLOOR((RC[-4]*(1+#REF!/100)+IF(ISNUMBER(#REF!),#REF!,0))*1000000,50000),""x""))",x,text,#REF!,True,"[""Logitech""]","[{""sheet"":""Logitech"",""range"":""D186"",""raw"":""D186"",""qualified"":""'Logitech'!D186""}]",A9,price_target_candidate,single_source,broken,comparison_not_possible,unknown,"[""missing_channel_pricing_parameters""]",high,
b3c2424efe8bdc12dc47a46d,Price List.xlsx,a529c3306d6db3923eb55451562c5a1eb4886861c45b390cddfdfc6f70db6a45,Logitech,visible,H187,187,8,"=IF(D187="""",""x"",IFERROR(FLOOR((D187*(1+#REF!/100)+IF(ISNUMBER(#REF!),#REF!,0))*1000000,50000),""x""))","=IF(RC[-4]="""",""x"",IFERROR(FLOOR((RC[-4]*(1+#REF!/100)+IF(ISNUMBER(#REF!),#REF!,0))*1000000,50000),""x""))",x,text,#REF!,True,"[""Logitech""]","[{""sheet"":""Logitech"",""range"":""D187"",""raw"":""D187"",""qualified"":""'Logitech'!D187""}]",A9,price_target_candidate,single_source,broken,comparison_not_possible,unknown,"[""missing_channel_pricing_parameters""]",high,
412b89bf1c3086016b84c723,Price List.xlsx,a529c3306d6db3923eb55451562c5a1eb4886861c45b390cddfdfc6f70db6a45,Logitech,visible,H188,188,8,"=IF(D188="""",""x"",IFERROR(FLOOR((D188*(1+#REF!/100)+IF(ISNUMBER(#REF!),#REF!,0))*1000000,50000),""x""))","=IF(RC[-4]="""",""x"",IFERROR(FLOOR((RC[-4]*(1+#REF!/100)+IF(ISNUMBER(#REF!),#REF!,0))*1000000,50000),""x""))",x,text,#REF!,True,"[""Logitech""]","[{""sheet"":""Logitech"",""range"":""D188"",""raw"":""D188"",""qualified"":""'Logitech'!D188""}]",A9,price_target_candidate,single_source,broken,comparison_not_possible,unknown,"[""missing_channel_pricing_parameters""]",high,
3afae9dd461edf2700bb71ee,Price List.xlsx,a529c3306d6db3923eb55451562c5a1eb4886861c45b390cddfdfc6f70db6a45,Logitech,visible,H189,189,8,"=IF(D189="""",""x"",IFERROR(FLOOR((D189*(1+#REF!/100)+IF(ISNUMBER(#REF!),#REF!,0))*1000000,50000),""x""))","=IF(RC[-4]="""",""x"",IFERROR(FLOOR((RC[-4]*(1+#REF!/100)+IF(ISNUMBER(#REF!),#REF!,0))*1000000,50000),""x""))",x,text,#REF!,True,"[""Logitech""]","[{""sheet"":""Logitech"",""range"":""D189"",""raw"":""D189"",""qualified"":""'Logitech'!D189""}]",A9,price_target_candidate,single_source,broken,comparison_not_possible,unknown,"[""missing_channel_pricing_parameters""]",high,
b582b2aec6ad36cb6ac49d09,Price List.xlsx,a529c3306d6db3923eb55451562c5a1eb4886861c45b390cddfdfc6f70db6a45,Logitech,visible,H190,190,8,"=IF(D190="""",""x"",IFERROR(FLOOR((D190*(1+#REF!/100)+IF(ISNUMBER(#REF!),#REF!,0))*1000000,50000),""x""))","=IF(RC[-4]="""",""x"",IFERROR(FLOOR((RC[-4]*(1+#REF!/100)+IF(ISNUMBER(#REF!),#REF!,0))*1000000,50000),""x""))",x,text,#REF!,True,"[""Logitech""]","[{""sheet"":""Logitech"",""range"":""D190"",""raw"":""D190"",""qualified"":""'Logitech'!D190""}]",A9,price_target_candidate,single_source,broken,comparison_not_possible,unknown,"[""missing_channel_pricing_parameters""]",high,
04633dc38d2fd39749db0029,Price List.xlsx,a529c3306d6db3923eb55451562c5a1eb4886861c45b390cddfdfc6f70db6a45,Logitech,visible,H191,191,8,"=IF(D191="""",""x"",IFERROR(FLOOR((D191*(1+#REF!/100)+IF(ISNUMBER(#REF!),#REF!,0))*1000000,50000),""x""))","=IF(RC[-4]="""",""x"",IFERROR(FLOOR((RC[-4]*(1+#REF!/100)+IF(ISNUMBER(#REF!),#REF!,0))*1000000,50000),""x""))",x,text,#REF!,True,"[""Logitech""]","[{""sheet"":""Logitech"",""range"":""D191"",""raw"":""D191"",""qualified"":""'Logitech'!D191""}]",A9,price_target_candidate,single_source,broken,comparison_not_possible,unknown,"[""missing_channel_pricing_parameters""]",high,
49c6592b1d0611b9bcc2477f,Price List.xlsx,a529c3306d6db3923eb55451562c5a1eb4886861c45b390cddfdfc6f70db6a45,Logitech,visible,H192,192,8,"=IF(D192="""",""x"",IFERROR(FLOOR((D192*(1+#REF!/100)+IF(ISNUMBER(#REF!),#REF!,0))*1000000,50000),""x""))","=IF(RC[-4]="""",""x"",IFERROR(FLOOR((RC[-4]*(1+#REF!/100)+IF(ISNUMBER(#REF!),#REF!,0))*1000000,50000),""x""))",x,text,#REF!,True,"[""Logitech""]","[{""sheet"":""Logitech"",""range"":""D192"",""raw"":""D192"",""qualified"":""'Logitech'!D192""}]",A9,price_target_candidate,single_source,broken,comparison_not_possible,unknown,"[""missing_channel_pricing_parameters""]",high,
2ef8f2c6e9d4ac5ca9ed6315,Price List.xlsx,a529c3306d6db3923eb55451562c5a1eb4886861c45b390cddfdfc6f70db6a45,Logitech,visible,H193,193,8,"=IF(D193="""",""x"",IFERROR(FLOOR((D193*(1+#REF!/100)+IF(ISNUMBER(#REF!),#REF!,0))*1000000,50000),""x""))","=IF(RC[-4]="""",""x"",IFERROR(FLOOR((RC[-4]*(1+#REF!/100)+IF(ISNUMBER(#REF!),#REF!,0))*1000000,50000),""x""))",x,text,#REF!,True,"[""Logitech""]","[{""sheet"":""Logitech"",""range"":""D193"",""raw"":""D193"",""qualified"":""'Logitech'!D193""}]",A9,price_target_candidate,single_source,broken,comparison_not_possible,unknown,"[""missing_channel_pricing_parameters""]",high,
1b1ee49fe7f6771a6ae8c87b,Price List.xlsx,a529c3306d6db3923eb55451562c5a1eb4886861c45b390cddfdfc6f70db6a45,Logitech,visible,H194,194,8,"=IF(D194="""",""x"",IFERROR(FLOOR((D194*(1+#REF!/100)+IF(ISNUMBER(#REF!),#REF!,0))*1000000,50000),""x""))","=IF(RC[-4]="""",""x"",IFERROR(FLOOR((RC[-4]*(1+#REF!/100)+IF(ISNUMBER(#REF!),#REF!,0))*1000000,50000),""x""))",x,text,#REF!,True,"[""Logitech""]","[{""sheet"":""Logitech"",""range"":""D194"",""raw"":""D194"",""qualified"":""'Logitech'!D194""}]",A9,price_target_candidate,single_source,broken,comparison_not_possible,unknown,"[""missing_channel_pricing_parameters""]",high,
1302c30daba368e2d5db2339,Price List.xlsx,a529c3306d6db3923eb55451562c5a1eb4886861c45b390cddfdfc6f70db6a45,Logitech,visible,H195,195,8,"=IF(D195="""",""x"",IFERROR(FLOOR((D195*(1+#REF!/100)+IF(ISNUMBER(#REF!),#REF!,0))*1000000,50000),""x""))","=IF(RC[-4]="""",""x"",IFERROR(FLOOR((RC[-4]*(1+#REF!/100)+IF(ISNUMBER(#REF!),#REF!,0))*1000000,50000),""x""))",x,text,#REF!,True,"[""Logitech""]","[{""sheet"":""Logitech"",""range"":""D195"",""raw"":""D195"",""qualified"":""'Logitech'!D195""}]",A9,price_target_candidate,single_source,broken,comparison_not_possible,unknown,"[""missing_channel_pricing_parameters""]",high,
9289f3a272a4c4cb05106cd1,Price List.xlsx,a529c3306d6db3923eb55451562c5a1eb4886861c45b390cddfdfc6f70db6a45,Logitech,visible,H196,196,8,"=IF(D196="""",""x"",IFERROR(FLOOR((D196*(1+#REF!/100)+IF(ISNUMBER(#REF!),#REF!,0))*1000000,50000),""x""))","=IF(RC[-4]="""",""x"",IFERROR(FLOOR((RC[-4]*(1+#REF!/100)+IF(ISNUMBER(#REF!),#REF!,0))*1000000,50000),""x""))",x,text,#REF!,True,"[""Logitech""]","[{""sheet"":""Logitech"",""range"":""D196"",""raw"":""D196"",""qualified"":""'Logitech'!D196""}]",A9,price_target_candidate,single_source,broken,comparison_not_possible,unknown,"[""missing_channel_pricing_parameters""]",high,
89593da5f3a98bee5b103651,Price List.xlsx,a529c3306d6db3923eb55451562c5a1eb4886861c45b390cddfdfc6f70db6a45,Logitech,visible,H197,197,8,"=IF(D197="""",""x"",IFERROR(FLOOR((D197*(1+#REF!/100)+IF(ISNUMBER(#REF!),#REF!,0))*1000000,50000),""x""))","=IF(RC[-4]="""",""x"",IFERROR(FLOOR((RC[-4]*(1+#REF!/100)+IF(ISNUMBER(#REF!),#REF!,0))*1000000,50000),""x""))",x,text,#REF!,True,"[""Logitech""]","[{""sheet"":""Logitech"",""range"":""D197"",""raw"":""D197"",""qualified"":""'Logitech'!D197""}]",A9,price_target_candidate,single_source,broken,comparison_not_possible,unknown,"[""missing_channel_pricing_parameters""]",high,
e41d7cef5c82ed8cb43cc319,Price List.xlsx,a529c3306d6db3923eb55451562c5a1eb4886861c45b390cddfdfc6f70db6a45,Logitech,visible,H198,198,8,"=IF(D198="""",""x"",IFERROR(FLOOR((D198*(1+#REF!/100)+IF(ISNUMBER(#REF!),#REF!,0))*1000000,50000),""x""))","=IF(RC[-4]="""",""x"",IFERROR(FLOOR((RC[-4]*(1+#REF!/100)+IF(ISNUMBER(#REF!),#REF!,0))*1000000,50000),""x""))",x,text,#REF!,True,"[""Logitech""]","[{""sheet"":""Logitech"",""range"":""D198"",""raw"":""D198"",""qualified"":""'Logitech'!D198""}]",A9,price_target_candidate,single_source,broken,comparison_not_possible,unknown,"[""missing_channel_pricing_parameters""]",high,
23f90d39b57ea7c15b1e92b4,Price List.xlsx,a529c3306d6db3923eb55451562c5a1eb4886861c45b390cddfdfc6f70db6a45,Logitech,visible,H199,199,8,"=IF(D199="""",""x"",IFERROR(FLOOR((D199*(1+#REF!/100)+IF(ISNUMBER(#REF!),#REF!,0))*1000000,50000),""x""))","=IF(RC[-4]="""",""x"",IFERROR(FLOOR((RC[-4]*(1+#REF!/100)+IF(ISNUMBER(#REF!),#REF!,0))*1000000,50000),""x""))",x,text,#REF!,True,"[""Logitech""]","[{""sheet"":""Logitech"",""range"":""D199"",""raw"":""D199"",""qualified"":""'Logitech'!D199""}]",A9,price_target_candidate,single_source,broken,comparison_not_possible,unknown,"[""missing_channel_pricing_parameters""]",high,
c378e242b71a23d7f39ee14d,Price List.xlsx,a529c3306d6db3923eb55451562c5a1eb4886861c45b390cddfdfc6f70db6a45,Logitech,visible,H200,200,8,"=IF(D200="""",""x"",IFERROR(FLOOR((D200*(1+#REF!/100)+IF(ISNUMBER(#REF!),#REF!,0))*1000000,50000),""x""))","=IF(RC[-4]="""",""x"",IFERROR(FLOOR((RC[-4]*(1+#REF!/100)+IF(ISNUMBER(#REF!),#REF!,0))*1000000,50000),""x""))",x,text,#REF!,True,"[""Logitech""]","[{""sheet"":""Logitech"",""range"":""D200"",""raw"":""D200"",""qualified"":""'Logitech'!D200""}]",A9,price_target_candidate,single_source,broken,comparison_not_possible,unknown,"[""missing_channel_pricing_parameters""]",high,
5adf680ffa5ba0c86714cc17,Price List.xlsx,a529c3306d6db3923eb55451562c5a1eb4886861c45b390cddfdfc6f70db6a45,Logitech,visible,H201,201,8,"=IF(D201="""",""x"",IFERROR(FLOOR((D201*(1+#REF!/100)+IF(ISNUMBER(#REF!),#REF!,0))*1000000,50000),""x""))","=IF(RC[-4]="""",""x"",IFERROR(FLOOR((RC[-4]*(1+#REF!/100)+IF(ISNUMBER(#REF!),#REF!,0))*1000000,50000),""x""))",x,text,#REF!,True,"[""Logitech""]","[{""sheet"":""Logitech"",""range"":""D201"",""raw"":""D201"",""qualified"":""'Logitech'!D201""}]",A9,price_target_candidate,single_source,broken,comparison_not_possible,unknown,"[""missing_channel_pricing_parameters""]",high,
6f39b44103445bc834939489,Price List.xlsx,a529c3306d6db3923eb55451562c5a1eb4886861c45b390cddfdfc6f70db6a45,Logitech,visible,H202,202,8,"=IF(D202="""",""x"",IFERROR(FLOOR((D202*(1+#REF!/100)+IF(ISNUMBER(#REF!),#REF!,0))*1000000,50000),""x""))","=IF(RC[-4]="""",""x"",IFERROR(FLOOR((RC[-4]*(1+#REF!/100)+IF(ISNUMBER(#REF!),#REF!,0))*1000000,50000),""x""))",x,text,#REF!,True,"[""Logitech""]","[{""sheet"":""Logitech"",""range"":""D202"",""raw"":""D202"",""qualified"":""'Logitech'!D202""}]",A9,price_target_candidate,single_source,broken,comparison_not_possible,unknown,"[""missing_channel_pricing_parameters""]",high,
16018a29803ebe57b7c69ae7,Price List.xlsx,a529c3306d6db3923eb55451562c5a1eb4886861c45b390cddfdfc6f70db6a45,Logitech,visible,H203,203,8,"=IF(D203="""",""x"",IFERROR(FLOOR((D203*(1+#REF!/100)+IF(ISNUMBER(#REF!),#REF!,0))*1000000,50000),""x""))","=IF(RC[-4]="""",""x"",IFERROR(FLOOR((RC[-4]*(1+#REF!/100)+IF(ISNUMBER(#REF!),#REF!,0))*1000000,50000),""x""))",x,text,#REF!,True,"[""Logitech""]","[{""sheet"":""Logitech"",""range"":""D203"",""raw"":""D203"",""qualified"":""'Logitech'!D203""}]",A9,price_target_candidate,single_source,broken,comparison_not_possible,unknown,"[""missing_channel_pricing_parameters""]",high,
736c0623c18149e20ce085f5,Price List.xlsx,a529c3306d6db3923eb55451562c5a1eb4886861c45b390cddfdfc6f70db6a45,Logitech,visible,H204,204,8,"=IF(D204="""",""x"",IFERROR(FLOOR((D204*(1+#REF!/100)+IF(ISNUMBER(#REF!),#REF!,0))*1000000,50000),""x""))","=IF(RC[-4]="""",""x"",IFERROR(FLOOR((RC[-4]*(1+#REF!/100)+IF(ISNUMBER(#REF!),#REF!,0))*1000000,50000),""x""))",x,text,#REF!,True,"[""Logitech""]","[{""sheet"":""Logitech"",""range"":""D204"",""raw"":""D204"",""qualified"":""'Logitech'!D204""}]",A9,price_target_candidate,single_source,broken,comparison_not_possible,unknown,"[""missing_channel_pricing_parameters""]",high,
988814fb1391aa4de837b382,Price List.xlsx,a529c3306d6db3923eb55451562c5a1eb4886861c45b390cddfdfc6f70db6a45,Logitech,visible,H205,205,8,"=IF(D205="""",""x"",IFERROR(FLOOR((D205*(1+#REF!/100)+IF(ISNUMBER(#REF!),#REF!,0))*1000000,50000),""x""))","=IF(RC[-4]="""",""x"",IFERROR(FLOOR((RC[-4]*(1+#REF!/100)+IF(ISNUMBER(#REF!),#REF!,0))*1000000,50000),""x""))",x,text,#REF!,True,"[""Logitech""]","[{""sheet"":""Logitech"",""range"":""D205"",""raw"":""D205"",""qualified"":""'Logitech'!D205""}]",A9,price_target_candidate,single_source,broken,comparison_not_possible,unknown,"[""missing_channel_pricing_parameters""]",high,
6d5f5ec76f462ce4dac0e5df,Price List.xlsx,a529c3306d6db3923eb55451562c5a1eb4886861c45b390cddfdfc6f70db6a45,Logitech,visible,H206,206,8,"=IF(D206="""",""x"",IFERROR(FLOOR((D206*(1+#REF!/100)+IF(ISNUMBER(#REF!),#REF!,0))*1000000,50000),""x""))","=IF(RC[-4]="""",""x"",IFERROR(FLOOR((RC[-4]*(1+#REF!/100)+IF(ISNUMBER(#REF!),#REF!,0))*1000000,50000),""x""))",x,text,#REF!,True,"[""Logitech""]","[{""sheet"":""Logitech"",""range"":""D206"",""raw"":""D206"",""qualified"":""'Logitech'!D206""}]",A9,price_target_candidate,single_source,broken,comparison_not_possible,unknown,"[""missing_channel_pricing_parameters""]",high,
a842445def1f762025ca4139,Price List.xlsx,a529c3306d6db3923eb55451562c5a1eb4886861c45b390cddfdfc6f70db6a45,Logitech,visible,H207,207,8,"=IF(D207="""",""x"",IFERROR(FLOOR((D207*(1+#REF!/100)+IF(ISNUMBER(#REF!),#REF!,0))*1000000,50000),""x""))","=IF(RC[-4]="""",""x"",IFERROR(FLOOR((RC[-4]*(1+#REF!/100)+IF(ISNUMBER(#REF!),#REF!,0))*1000000,50000),""x""))",x,text,#REF!,True,"[""Logitech""]","[{""sheet"":""Logitech"",""range"":""D207"",""raw"":""D207"",""qualified"":""'Logitech'!D207""}]",A9,price_target_candidate,single_source,broken,comparison_not_possible,unknown,"[""missing_channel_pricing_parameters""]",high,
72dcbe04b58075508451cbcc,Price List.xlsx,a529c3306d6db3923eb55451562c5a1eb4886861c45b390cddfdfc6f70db6a45,Logitech,visible,H208,208,8,"=IF(D208="""",""x"",IFERROR(FLOOR((D208*(1+#REF!/100)+IF(ISNUMBER(#REF!),#REF!,0))*1000000,50000),""x""))","=IF(RC[-4]="""",""x"",IFERROR(FLOOR((RC[-4]*(1+#REF!/100)+IF(ISNUMBER(#REF!),#REF!,0))*1000000,50000),""x""))",x,text,#REF!,True,"[""Logitech""]","[{""sheet"":""Logitech"",""range"":""D208"",""raw"":""D208"",""qualified"":""'Logitech'!D208""}]",A9,price_target_candidate,single_source,broken,comparison_not_possible,unknown,"[""missing_channel_pricing_parameters""]",high,
3aa682c55d3d3a71bb7d7941,Price List.xlsx,a529c3306d6db3923eb55451562c5a1eb4886861c45b390cddfdfc6f70db6a45,Logitech,visible,H209,209,8,"=IF(D209="""",""x"",IFERROR(FLOOR((D209*(1+#REF!/100)+IF(ISNUMBER(#REF!),#REF!,0))*1000000,50000),""x""))","=IF(RC[-4]="""",""x"",IFERROR(FLOOR((RC[-4]*(1+#REF!/100)+IF(ISNUMBER(#REF!),#REF!,0))*1000000,50000),""x""))",x,text,#REF!,True,"[""Logitech""]","[{""sheet"":""Logitech"",""range"":""D209"",""raw"":""D209"",""qualified"":""'Logitech'!D209""}]",A9,price_target_candidate,single_source,broken,comparison_not_possible,unknown,"[""missing_channel_pricing_parameters""]",high,
d72be6c310a965fcd8628e40,Price List.xlsx,a529c3306d6db3923eb55451562c5a1eb4886861c45b390cddfdfc6f70db6a45,Logitech,visible,H210,210,8,"=IF(D210="""",""x"",IFERROR(FLOOR((D210*(1+#REF!/100)+IF(ISNUMBER(#REF!),#REF!,0))*1000000,50000),""x""))","=IF(RC[-4]="""",""x"",IFERROR(FLOOR((RC[-4]*(1+#REF!/100)+IF(ISNUMBER(#REF!),#REF!,0))*1000000,50000),""x""))",x,text,#REF!,True,"[""Logitech""]","[{""sheet"":""Logitech"",""range"":""D210"",""raw"":""D210"",""qualified"":""'Logitech'!D210""}]",A9,price_target_candidate,single_source,broken,comparison_not_possible,unknown,"[""missing_channel_pricing_parameters""]",high,
d310aef837deabfd8b36fb92,Price List.xlsx,a529c3306d6db3923eb55451562c5a1eb4886861c45b390cddfdfc6f70db6a45,Logitech,visible,H211,211,8,"=IF(D211="""",""x"",IFERROR(FLOOR((D211*(1+#REF!/100)+IF(ISNUMBER(#REF!),#REF!,0))*1000000,50000),""x""))","=IF(RC[-4]="""",""x"",IFERROR(FLOOR((RC[-4]*(1+#REF!/100)+IF(ISNUMBER(#REF!),#REF!,0))*1000000,50000),""x""))",x,text,#REF!,True,"[""Logitech""]","[{""sheet"":""Logitech"",""range"":""D211"",""raw"":""D211"",""qualified"":""'Logitech'!D211""}]",A9,price_target_candidate,single_source,broken,comparison_not_possible,unknown,"[""missing_channel_pricing_parameters""]",high,
842cda9963806b8727fdf120,Price List.xlsx,a529c3306d6db3923eb55451562c5a1eb4886861c45b390cddfdfc6f70db6a45,Logitech,visible,H212,212,8,"=IF(D212="""",""x"",IFERROR(FLOOR((D212*(1+#REF!/100)+IF(ISNUMBER(#REF!),#REF!,0))*1000000,50000),""x""))","=IF(RC[-4]="""",""x"",IFERROR(FLOOR((RC[-4]*(1+#REF!/100)+IF(ISNUMBER(#REF!),#REF!,0))*1000000,50000),""x""))",x,text,#REF!,True,"[""Logitech""]","[{""sheet"":""Logitech"",""range"":""D212"",""raw"":""D212"",""qualified"":""'Logitech'!D212""}]",A9,price_target_candidate,single_source,broken,comparison_not_possible,unknown,"[""missing_channel_pricing_parameters""]",high,
197b2c7a7f7a2b1cbda7c99f,Price List.xlsx,a529c3306d6db3923eb55451562c5a1eb4886861c45b390cddfdfc6f70db6a45,Logitech,visible,H213,213,8,"=IF(D213="""",""x"",IFERROR(FLOOR((D213*(1+#REF!/100)+IF(ISNUMBER(#REF!),#REF!,0))*1000000,50000),""x""))","=IF(RC[-4]="""",""x"",IFERROR(FLOOR((RC[-4]*(1+#REF!/100)+IF(ISNUMBER(#REF!),#REF!,0))*1000000,50000),""x""))",x,text,#REF!,True,"[""Logitech""]","[{""sheet"":""Logitech"",""range"":""D213"",""raw"":""D213"",""qualified"":""'Logitech'!D213""}]",A9,price_target_candidate,single_source,broken,comparison_not_possible,unknown,"[""missing_channel_pricing_parameters""]",high,
f9b52ffa1d484541ee278977,Price List.xlsx,a529c3306d6db3923eb55451562c5a1eb4886861c45b390cddfdfc6f70db6a45,Logitech,visible,H214,214,8,"=IF(D214="""",""x"",IFERROR(FLOOR((D214*(1+#REF!/100)+IF(ISNUMBER(#REF!),#REF!,0))*1000000,50000),""x""))","=IF(RC[-4]="""",""x"",IFERROR(FLOOR((RC[-4]*(1+#REF!/100)+IF(ISNUMBER(#REF!),#REF!,0))*1000000,50000),""x""))",x,text,#REF!,True,"[""Logitech""]","[{""sheet"":""Logitech"",""range"":""D214"",""raw"":""D214"",""qualified"":""'Logitech'!D214""}]",A9,price_target_candidate,single_source,broken,comparison_not_possible,unknown,"[""missing_channel_pricing_parameters""]",high,
2f83f37f05f3256887b66c86,Price List.xlsx,a529c3306d6db3923eb55451562c5a1eb4886861c45b390cddfdfc6f70db6a45,Logitech,visible,H215,215,8,"=IF(D215="""",""x"",IFERROR(FLOOR((D215*(1+#REF!/100)+IF(ISNUMBER(#REF!),#REF!,0))*1000000,50000),""x""))","=IF(RC[-4]="""",""x"",IFERROR(FLOOR((RC[-4]*(1+#REF!/100)+IF(ISNUMBER(#REF!),#REF!,0))*1000000,50000),""x""))",x,text,#REF!,True,"[""Logitech""]","[{""sheet"":""Logitech"",""range"":""D215"",""raw"":""D215"",""qualified"":""'Logitech'!D215""}]",A9,price_target_candidate,single_source,broken,comparison_not_possible,unknown,"[""missing_channel_pricing_parameters""]",high,
ee6afabf3be5dec121fb2476,Price List.xlsx,a529c3306d6db3923eb55451562c5a1eb4886861c45b390cddfdfc6f70db6a45,Logitech,visible,H216,216,8,"=IF(D216="""",""x"",IFERROR(FLOOR((D216*(1+#REF!/100)+IF(ISNUMBER(#REF!),#REF!,0))*1000000,50000),""x""))","=IF(RC[-4]="""",""x"",IFERROR(FLOOR((RC[-4]*(1+#REF!/100)+IF(ISNUMBER(#REF!),#REF!,0))*1000000,50000),""x""))",x,text,#REF!,True,"[""Logitech""]","[{""sheet"":""Logitech"",""range"":""D216"",""raw"":""D216"",""qualified"":""'Logitech'!D216""}]",A9,price_target_candidate,single_source,broken,comparison_not_possible,unknown,"[""missing_channel_pricing_parameters""]",high,
16b0352d839c0bfd90bfb00c,Price List.xlsx,a529c3306d6db3923eb55451562c5a1eb4886861c45b390cddfdfc6f70db6a45,Logitech,visible,H217,217,8,"=IF(D217="""",""x"",IFERROR(FLOOR((D217*(1+#REF!/100)+IF(ISNUMBER(#REF!),#REF!,0))*1000000,50000),""x""))","=IF(RC[-4]="""",""x"",IFERROR(FLOOR((RC[-4]*(1+#REF!/100)+IF(ISNUMBER(#REF!),#REF!,0))*1000000,50000),""x""))",x,text,#REF!,True,"[""Logitech""]","[{""sheet"":""Logitech"",""range"":""D217"",""raw"":""D217"",""qualified"":""'Logitech'!D217""}]",A9,price_target_candidate,single_source,broken,comparison_not_possible,unknown,"[""missing_channel_pricing_parameters""]",high,
9515166fb688b2184e036585,Price List.xlsx,a529c3306d6db3923eb55451562c5a1eb4886861c45b390cddfdfc6f70db6a45,Logitech,visible,H218,218,8,"=IF(D218="""",""x"",IFERROR(FLOOR((D218*(1+#REF!/100)+IF(ISNUMBER(#REF!),#REF!,0))*1000000,50000),""x""))","=IF(RC[-4]="""",""x"",IFERROR(FLOOR((RC[-4]*(1+#REF!/100)+IF(ISNUMBER(#REF!),#REF!,0))*1000000,50000),""x""))",x,text,#REF!,True,"[""Logitech""]","[{""sheet"":""Logitech"",""range"":""D218"",""raw"":""D218"",""qualified"":""'Logitech'!D218""}]",A9,price_target_candidate,single_source,broken,comparison_not_possible,unknown,"[""missing_channel_pricing_parameters""]",high,
ebf48e37be60509652fa1f50,Price List.xlsx,a529c3306d6db3923eb55451562c5a1eb4886861c45b390cddfdfc6f70db6a45,Logitech,visible,H219,219,8,"=IF(D219="""",""x"",IFERROR(FLOOR((D219*(1+#REF!/100)+IF(ISNUMBER(#REF!),#REF!,0))*1000000,50000),""x""))","=IF(RC[-4]="""",""x"",IFERROR(FLOOR((RC[-4]*(1+#REF!/100)+IF(ISNUMBER(#REF!),#REF!,0))*1000000,50000),""x""))",x,text,#REF!,True,"[""Logitech""]","[{""sheet"":""Logitech"",""range"":""D219"",""raw"":""D219"",""qualified"":""'Logitech'!D219""}]",A9,price_target_candidate,single_source,broken,comparison_not_possible,unknown,"[""missing_channel_pricing_parameters""]",high,
6bed172fcedc215f5335ac69,Price List.xlsx,a529c3306d6db3923eb55451562c5a1eb4886861c45b390cddfdfc6f70db6a45,Logitech,visible,H220,220,8,"=IF(D220="""",""x"",IFERROR(FLOOR((D220*(1+#REF!/100)+IF(ISNUMBER(#REF!),#REF!,0))*1000000,50000),""x""))","=IF(RC[-4]="""",""x"",IFERROR(FLOOR((RC[-4]*(1+#REF!/100)+IF(ISNUMBER(#REF!),#REF!,0))*1000000,50000),""x""))",x,text,#REF!,True,"[""Logitech""]","[{""sheet"":""Logitech"",""range"":""D220"",""raw"":""D220"",""qualified"":""'Logitech'!D220""}]",A9,price_target_candidate,single_source,broken,comparison_not_possible,unknown,"[""missing_channel_pricing_parameters""]",high,
7d76467012212088671b8d2e,Price List.xlsx,a529c3306d6db3923eb55451562c5a1eb4886861c45b390cddfdfc6f70db6a45,Logitech,visible,H221,221,8,"=IF(D221="""",""x"",IFERROR(FLOOR((D221*(1+#REF!/100)+IF(ISNUMBER(#REF!),#REF!,0))*1000000,50000),""x""))","=IF(RC[-4]="""",""x"",IFERROR(FLOOR((RC[-4]*(1+#REF!/100)+IF(ISNUMBER(#REF!),#REF!,0))*1000000,50000),""x""))",x,text,#REF!,True,"[""Logitech""]","[{""sheet"":""Logitech"",""range"":""D221"",""raw"":""D221"",""qualified"":""'Logitech'!D221""}]",A9,price_target_candidate,single_source,broken,comparison_not_possible,unknown,"[""missing_channel_pricing_parameters""]",high,
9ba73b8ef420afe78e226fe9,Price List.xlsx,a529c3306d6db3923eb55451562c5a1eb4886861c45b390cddfdfc6f70db6a45,Logitech,visible,H222,222,8,"=IF(D222="""",""x"",IFERROR(FLOOR((D222*(1+#REF!/100)+IF(ISNUMBER(#REF!),#REF!,0))*1000000,50000),""x""))","=IF(RC[-4]="""",""x"",IFERROR(FLOOR((RC[-4]*(1+#REF!/100)+IF(ISNUMBER(#REF!),#REF!,0))*1000000,50000),""x""))",x,text,#REF!,True,"[""Logitech""]","[{""sheet"":""Logitech"",""range"":""D222"",""raw"":""D222"",""qualified"":""'Logitech'!D222""}]",A9,price_target_candidate,single_source,broken,comparison_not_possible,unknown,"[""missing_channel_pricing_parameters""]",high,
64e947fbfcd26aaff2d20d2c,Price List.xlsx,a529c3306d6db3923eb55451562c5a1eb4886861c45b390cddfdfc6f70db6a45,Logitech,visible,H223,223,8,"=IF(D223="""",""x"",IFERROR(FLOOR((D223*(1+#REF!/100)+IF(ISNUMBER(#REF!),#REF!,0))*1000000,50000),""x""))","=IF(RC[-4]="""",""x"",IFERROR(FLOOR((RC[-4]*(1+#REF!/100)+IF(ISNUMBER(#REF!),#REF!,0))*1000000,50000),""x""))",x,text,#REF!,True,"[""Logitech""]","[{""sheet"":""Logitech"",""range"":""D223"",""raw"":""D223"",""qualified"":""'Logitech'!D223""}]",A9,price_target_candidate,single_source,broken,comparison_not_possible,unknown,"[""missing_channel_pricing_parameters""]",high,
68559cbf3853436cfc20b9be,Price List.xlsx,a529c3306d6db3923eb55451562c5a1eb4886861c45b390cddfdfc6f70db6a45,Logitech,visible,H224,224,8,"=IF(D224="""",""x"",IFERROR(FLOOR((D224*(1+#REF!/100)+IF(ISNUMBER(#REF!),#REF!,0))*1000000,50000),""x""))","=IF(RC[-4]="""",""x"",IFERROR(FLOOR((RC[-4]*(1+#REF!/100)+IF(ISNUMBER(#REF!),#REF!,0))*1000000,50000),""x""))",x,text,#REF!,True,"[""Logitech""]","[{""sheet"":""Logitech"",""range"":""D224"",""raw"":""D224"",""qualified"":""'Logitech'!D224""}]",A9,price_target_candidate,single_source,broken,comparison_not_possible,unknown,"[""missing_channel_pricing_parameters""]",high,
952fc14f9fbe04702948858f,Price List.xlsx,a529c3306d6db3923eb55451562c5a1eb4886861c45b390cddfdfc6f70db6a45,Logitech,visible,H225,225,8,"=IF(D225="""",""x"",IFERROR(FLOOR((D225*(1+#REF!/100)+IF(ISNUMBER(#REF!),#REF!,0))*1000000,50000),""x""))","=IF(RC[-4]="""",""x"",IFERROR(FLOOR((RC[-4]*(1+#REF!/100)+IF(ISNUMBER(#REF!),#REF!,0))*1000000,50000),""x""))",x,text,#REF!,True,"[""Logitech""]","[{""sheet"":""Logitech"",""range"":""D225"",""raw"":""D225"",""qualified"":""'Logitech'!D225""}]",A9,price_target_candidate,single_source,broken,comparison_not_possible,unknown,"[""missing_channel_pricing_parameters""]",high,
62eb150d7ee37de699716933,Price List.xlsx,a529c3306d6db3923eb55451562c5a1eb4886861c45b390cddfdfc6f70db6a45,Logitech,visible,H226,226,8,"=IF(D226="""",""x"",IFERROR(FLOOR((D226*(1+#REF!/100)+IF(ISNUMBER(#REF!),#REF!,0))*1000000,50000),""x""))","=IF(RC[-4]="""",""x"",IFERROR(FLOOR((RC[-4]*(1+#REF!/100)+IF(ISNUMBER(#REF!),#REF!,0))*1000000,50000),""x""))",x,text,#REF!,True,"[""Logitech""]","[{""sheet"":""Logitech"",""range"":""D226"",""raw"":""D226"",""qualified"":""'Logitech'!D226""}]",A9,price_target_candidate,single_source,broken,comparison_not_possible,unknown,"[""missing_channel_pricing_parameters""]",high,
fd83a0cbf8542df3757f4b71,Price List.xlsx,a529c3306d6db3923eb55451562c5a1eb4886861c45b390cddfdfc6f70db6a45,Logitech,visible,H227,227,8,"=IF(D227="""",""x"",IFERROR(FLOOR((D227*(1+#REF!/100)+IF(ISNUMBER(#REF!),#REF!,0))*1000000,50000),""x""))","=IF(RC[-4]="""",""x"",IFERROR(FLOOR((RC[-4]*(1+#REF!/100)+IF(ISNUMBER(#REF!),#REF!,0))*1000000,50000),""x""))",x,text,#REF!,True,"[""Logitech""]","[{""sheet"":""Logitech"",""range"":""D227"",""raw"":""D227"",""qualified"":""'Logitech'!D227""}]",A9,price_target_candidate,single_source,broken,comparison_not_possible,unknown,"[""missing_channel_pricing_parameters""]",high,
aad3716f6b8184a4fe27bece,Price List.xlsx,a529c3306d6db3923eb55451562c5a1eb4886861c45b390cddfdfc6f70db6a45,Logitech,visible,H228,228,8,"=IF(D228="""",""x"",IFERROR(FLOOR((D228*(1+#REF!/100)+IF(ISNUMBER(#REF!),#REF!,0))*1000000,50000),""x""))","=IF(RC[-4]="""",""x"",IFERROR(FLOOR((RC[-4]*(1+#REF!/100)+IF(ISNUMBER(#REF!),#REF!,0))*1000000,50000),""x""))",x,text,#REF!,True,"[""Logitech""]","[{""sheet"":""Logitech"",""range"":""D228"",""raw"":""D228"",""qualified"":""'Logitech'!D228""}]",A9,price_target_candidate,single_source,broken,comparison_not_possible,unknown,"[""missing_channel_pricing_parameters""]",high,
8f462cad820d969d9830d75c,Price List.xlsx,a529c3306d6db3923eb55451562c5a1eb4886861c45b390cddfdfc6f70db6a45,Logitech,visible,H229,229,8,"=IF(D229="""",""x"",IFERROR(FLOOR((D229*(1+#REF!/100)+IF(ISNUMBER(#REF!),#REF!,0))*1000000,50000),""x""))","=IF(RC[-4]="""",""x"",IFERROR(FLOOR((RC[-4]*(1+#REF!/100)+IF(ISNUMBER(#REF!),#REF!,0))*1000000,50000),""x""))",x,text,#REF!,True,"[""Logitech""]","[{""sheet"":""Logitech"",""range"":""D229"",""raw"":""D229"",""qualified"":""'Logitech'!D229""}]",A9,price_target_candidate,single_source,broken,comparison_not_possible,unknown,"[""missing_channel_pricing_parameters""]",high,
27860fbee82786e62400b004,Price List.xlsx,a529c3306d6db3923eb55451562c5a1eb4886861c45b390cddfdfc6f70db6a45,Logitech,visible,H230,230,8,"=IF(D230="""",""x"",IFERROR(FLOOR((D230*(1+#REF!/100)+IF(ISNUMBER(#REF!),#REF!,0))*1000000,50000),""x""))","=IF(RC[-4]="""",""x"",IFERROR(FLOOR((RC[-4]*(1+#REF!/100)+IF(ISNUMBER(#REF!),#REF!,0))*1000000,50000),""x""))",x,text,#REF!,True,"[""Logitech""]","[{""sheet"":""Logitech"",""range"":""D230"",""raw"":""D230"",""qualified"":""'Logitech'!D230""}]",A9,price_target_candidate,single_source,broken,comparison_not_possible,unknown,"[""missing_channel_pricing_parameters""]",high,
1145f2e27724d2b77c8a234b,Price List.xlsx,a529c3306d6db3923eb55451562c5a1eb4886861c45b390cddfdfc6f70db6a45,Logitech,visible,H231,231,8,"=IF(D231="""",""x"",IFERROR(FLOOR((D231*(1+#REF!/100)+IF(ISNUMBER(#REF!),#REF!,0))*1000000,50000),""x""))","=IF(RC[-4]="""",""x"",IFERROR(FLOOR((RC[-4]*(1+#REF!/100)+IF(ISNUMBER(#REF!),#REF!,0))*1000000,50000),""x""))",x,text,#REF!,True,"[""Logitech""]","[{""sheet"":""Logitech"",""range"":""D231"",""raw"":""D231"",""qualified"":""'Logitech'!D231""}]",A9,price_target_candidate,single_source,broken,comparison_not_possible,unknown,"[""missing_channel_pricing_parameters""]",high,
74aa2fbdabb0c9056e6cc99d,Price List.xlsx,a529c3306d6db3923eb55451562c5a1eb4886861c45b390cddfdfc6f70db6a45,Logitech,visible,H232,232,8,"=IF(D232="""",""x"",IFERROR(FLOOR((D232*(1+#REF!/100)+IF(ISNUMBER(#REF!),#REF!,0))*1000000,50000),""x""))","=IF(RC[-4]="""",""x"",IFERROR(FLOOR((RC[-4]*(1+#REF!/100)+IF(ISNUMBER(#REF!),#REF!,0))*1000000,50000),""x""))",x,text,#REF!,True,"[""Logitech""]","[{""sheet"":""Logitech"",""range"":""D232"",""raw"":""D232"",""qualified"":""'Logitech'!D232""}]",A9,price_target_candidate,single_source,broken,comparison_not_possible,unknown,"[""missing_channel_pricing_parameters""]",high,
2a4c856ee7bd546e4b36b36e,Price List.xlsx,a529c3306d6db3923eb55451562c5a1eb4886861c45b390cddfdfc6f70db6a45,Logitech,visible,H233,233,8,"=IF(D233="""",""x"",IFERROR(FLOOR((D233*(1+#REF!/100)+IF(ISNUMBER(#REF!),#REF!,0))*1000000,50000),""x""))","=IF(RC[-4]="""",""x"",IFERROR(FLOOR((RC[-4]*(1+#REF!/100)+IF(ISNUMBER(#REF!),#REF!,0))*1000000,50000),""x""))",x,text,#REF!,True,"[""Logitech""]","[{""sheet"":""Logitech"",""range"":""D233"",""raw"":""D233"",""qualified"":""'Logitech'!D233""}]",A9,price_target_candidate,single_source,broken,comparison_not_possible,unknown,"[""missing_channel_pricing_parameters""]",high,
0538136efe4d0aa27aa843e7,Price List.xlsx,a529c3306d6db3923eb55451562c5a1eb4886861c45b390cddfdfc6f70db6a45,Logitech,visible,H234,234,8,"=IF(D234="""",""x"",IFERROR(FLOOR((D234*(1+#REF!/100)+IF(ISNUMBER(#REF!),#REF!,0))*1000000,50000),""x""))","=IF(RC[-4]="""",""x"",IFERROR(FLOOR((RC[-4]*(1+#REF!/100)+IF(ISNUMBER(#REF!),#REF!,0))*1000000,50000),""x""))",x,text,#REF!,True,"[""Logitech""]","[{""sheet"":""Logitech"",""range"":""D234"",""raw"":""D234"",""qualified"":""'Logitech'!D234""}]",A9,price_target_candidate,single_source,broken,comparison_not_possible,unknown,"[""missing_channel_pricing_parameters""]",high,
b43ba8cc131b6604bc47e429,Price List.xlsx,a529c3306d6db3923eb55451562c5a1eb4886861c45b390cddfdfc6f70db6a45,Logitech,visible,H235,235,8,"=IF(D235="""",""x"",IFERROR(FLOOR((D235*(1+#REF!/100)+IF(ISNUMBER(#REF!),#REF!,0))*1000000,50000),""x""))","=IF(RC[-4]="""",""x"",IFERROR(FLOOR((RC[-4]*(1+#REF!/100)+IF(ISNUMBER(#REF!),#REF!,0))*1000000,50000),""x""))",x,text,#REF!,True,"[""Logitech""]","[{""sheet"":""Logitech"",""range"":""D235"",""raw"":""D235"",""qualified"":""'Logitech'!D235""}]",A9,price_target_candidate,single_source,broken,comparison_not_possible,unknown,"[""missing_channel_pricing_parameters""]",high,
3707ef2d06b3eea612618d69,Price List.xlsx,a529c3306d6db3923eb55451562c5a1eb4886861c45b390cddfdfc6f70db6a45,Logitech,visible,H236,236,8,"=IF(D236="""",""x"",IFERROR(FLOOR((D236*(1+#REF!/100)+IF(ISNUMBER(#REF!),#REF!,0))*1000000,50000),""x""))","=IF(RC[-4]="""",""x"",IFERROR(FLOOR((RC[-4]*(1+#REF!/100)+IF(ISNUMBER(#REF!),#REF!,0))*1000000,50000),""x""))",x,text,#REF!,True,"[""Logitech""]","[{""sheet"":""Logitech"",""range"":""D236"",""raw"":""D236"",""qualified"":""'Logitech'!D236""}]",A9,price_target_candidate,single_source,broken,comparison_not_possible,unknown,"[""missing_channel_pricing_parameters""]",high,
ea9dccd4b18ffbfa34108b73,Price List.xlsx,a529c3306d6db3923eb55451562c5a1eb4886861c45b390cddfdfc6f70db6a45,Logitech,visible,H237,237,8,"=IF(D237="""",""x"",IFERROR(FLOOR((D237*(1+#REF!/100)+IF(ISNUMBER(#REF!),#REF!,0))*1000000,50000),""x""))","=IF(RC[-4]="""",""x"",IFERROR(FLOOR((RC[-4]*(1+#REF!/100)+IF(ISNUMBER(#REF!),#REF!,0))*1000000,50000),""x""))",x,text,#REF!,True,"[""Logitech""]","[{""sheet"":""Logitech"",""range"":""D237"",""raw"":""D237"",""qualified"":""'Logitech'!D237""}]",A9,price_target_candidate,single_source,broken,comparison_not_possible,unknown,"[""missing_channel_pricing_parameters""]",high,
a26d625dbffe5d4715925f85,Price List.xlsx,a529c3306d6db3923eb55451562c5a1eb4886861c45b390cddfdfc6f70db6a45,Logitech,visible,H238,238,8,"=IF(D238="""",""x"",IFERROR(FLOOR((D238*(1+#REF!/100)+IF(ISNUMBER(#REF!),#REF!,0))*1000000,50000),""x""))","=IF(RC[-4]="""",""x"",IFERROR(FLOOR((RC[-4]*(1+#REF!/100)+IF(ISNUMBER(#REF!),#REF!,0))*1000000,50000),""x""))",x,text,#REF!,True,"[""Logitech""]","[{""sheet"":""Logitech"",""range"":""D238"",""raw"":""D238"",""qualified"":""'Logitech'!D238""}]",A9,price_target_candidate,single_source,broken,comparison_not_possible,unknown,"[""missing_channel_pricing_parameters""]",high,
bda8dfbfd428eb86492a2d03,Price List.xlsx,a529c3306d6db3923eb55451562c5a1eb4886861c45b390cddfdfc6f70db6a45,Logitech,visible,H239,239,8,"=IF(D239="""",""x"",IFERROR(FLOOR((D239*(1+#REF!/100)+IF(ISNUMBER(#REF!),#REF!,0))*1000000,50000),""x""))","=IF(RC[-4]="""",""x"",IFERROR(FLOOR((RC[-4]*(1+#REF!/100)+IF(ISNUMBER(#REF!),#REF!,0))*1000000,50000),""x""))",x,text,#REF!,True,"[""Logitech""]","[{""sheet"":""Logitech"",""range"":""D239"",""raw"":""D239"",""qualified"":""'Logitech'!D239""}]",A9,price_target_candidate,single_source,broken,comparison_not_possible,unknown,"[""missing_channel_pricing_parameters""]",high,
f88cd70826c8afd68c867d49,Price List.xlsx,a529c3306d6db3923eb55451562c5a1eb4886861c45b390cddfdfc6f70db6a45,Logitech,visible,H240,240,8,"=IF(D240="""",""x"",IFERROR(FLOOR((D240*(1+#REF!/100)+IF(ISNUMBER(#REF!),#REF!,0))*1000000,50000),""x""))","=IF(RC[-4]="""",""x"",IFERROR(FLOOR((RC[-4]*(1+#REF!/100)+IF(ISNUMBER(#REF!),#REF!,0))*1000000,50000),""x""))",x,text,#REF!,True,"[""Logitech""]","[{""sheet"":""Logitech"",""range"":""D240"",""raw"":""D240"",""qualified"":""'Logitech'!D240""}]",A9,price_target_candidate,single_source,broken,comparison_not_possible,unknown,"[""missing_channel_pricing_parameters""]",high,
048eff1babe6bb6085110bb2,Price List.xlsx,a529c3306d6db3923eb55451562c5a1eb4886861c45b390cddfdfc6f70db6a45,Logitech,visible,H241,241,8,"=IF(D241="""",""x"",IFERROR(FLOOR((D241*(1+#REF!/100)+IF(ISNUMBER(#REF!),#REF!,0))*1000000,50000),""x""))","=IF(RC[-4]="""",""x"",IFERROR(FLOOR((RC[-4]*(1+#REF!/100)+IF(ISNUMBER(#REF!),#REF!,0))*1000000,50000),""x""))",x,text,#REF!,True,"[""Logitech""]","[{""sheet"":""Logitech"",""range"":""D241"",""raw"":""D241"",""qualified"":""'Logitech'!D241""}]",A9,price_target_candidate,single_source,broken,comparison_not_possible,unknown,"[""missing_channel_pricing_parameters""]",high,
bba4bae03472a400754d9945,Price List.xlsx,a529c3306d6db3923eb55451562c5a1eb4886861c45b390cddfdfc6f70db6a45,Logitech,visible,H242,242,8,"=IF(D242="""",""x"",IFERROR(FLOOR((D242*(1+#REF!/100)+IF(ISNUMBER(#REF!),#REF!,0))*1000000,50000),""x""))","=IF(RC[-4]="""",""x"",IFERROR(FLOOR((RC[-4]*(1+#REF!/100)+IF(ISNUMBER(#REF!),#REF!,0))*1000000,50000),""x""))",x,text,#REF!,True,"[""Logitech""]","[{""sheet"":""Logitech"",""range"":""D242"",""raw"":""D242"",""qualified"":""'Logitech'!D242""}]",A9,price_target_candidate,single_source,broken,comparison_not_possible,unknown,"[""missing_channel_pricing_parameters""]",high,
f51063f8f1c5b98f3045b218,Price List.xlsx,a529c3306d6db3923eb55451562c5a1eb4886861c45b390cddfdfc6f70db6a45,Logitech,visible,H243,243,8,"=IF(D243="""",""x"",IFERROR(FLOOR((D243*(1+#REF!/100)+IF(ISNUMBER(#REF!),#REF!,0))*1000000,50000),""x""))","=IF(RC[-4]="""",""x"",IFERROR(FLOOR((RC[-4]*(1+#REF!/100)+IF(ISNUMBER(#REF!),#REF!,0))*1000000,50000),""x""))",x,text,#REF!,True,"[""Logitech""]","[{""sheet"":""Logitech"",""range"":""D243"",""raw"":""D243"",""qualified"":""'Logitech'!D243""}]",A9,price_target_candidate,single_source,broken,comparison_not_possible,unknown,"[""missing_channel_pricing_parameters""]",high,
26fdcb5301b2986cecc71264,Price List.xlsx,a529c3306d6db3923eb55451562c5a1eb4886861c45b390cddfdfc6f70db6a45,Logitech,visible,H244,244,8,"=IF(D244="""",""x"",IFERROR(FLOOR((D244*(1+#REF!/100)+IF(ISNUMBER(#REF!),#REF!,0))*1000000,50000),""x""))","=IF(RC[-4]="""",""x"",IFERROR(FLOOR((RC[-4]*(1+#REF!/100)+IF(ISNUMBER(#REF!),#REF!,0))*1000000,50000),""x""))",x,text,#REF!,True,"[""Logitech""]","[{""sheet"":""Logitech"",""range"":""D244"",""raw"":""D244"",""qualified"":""'Logitech'!D244""}]",A9,price_target_candidate,single_source,broken,comparison_not_possible,unknown,"[""missing_channel_pricing_parameters""]",high,
9a7544a43f5db924342424fd,Price List.xlsx,a529c3306d6db3923eb55451562c5a1eb4886861c45b390cddfdfc6f70db6a45,Logitech,visible,H245,245,8,"=IF(D245="""",""x"",IFERROR(FLOOR((D245*(1+#REF!/100)+IF(ISNUMBER(#REF!),#REF!,0))*1000000,50000),""x""))","=IF(RC[-4]="""",""x"",IFERROR(FLOOR((RC[-4]*(1+#REF!/100)+IF(ISNUMBER(#REF!),#REF!,0))*1000000,50000),""x""))",x,text,#REF!,True,"[""Logitech""]","[{""sheet"":""Logitech"",""range"":""D245"",""raw"":""D245"",""qualified"":""'Logitech'!D245""}]",A9,price_target_candidate,single_source,broken,comparison_not_possible,unknown,"[""missing_channel_pricing_parameters""]",high,
c3af21c89efa27be7518ae6f,Price List.xlsx,a529c3306d6db3923eb55451562c5a1eb4886861c45b390cddfdfc6f70db6a45,Logitech,visible,H246,246,8,"=IF(D246="""",""x"",IFERROR(FLOOR((D246*(1+#REF!/100)+IF(ISNUMBER(#REF!),#REF!,0))*1000000,50000),""x""))","=IF(RC[-4]="""",""x"",IFERROR(FLOOR((RC[-4]*(1+#REF!/100)+IF(ISNUMBER(#REF!),#REF!,0))*1000000,50000),""x""))",x,text,#REF!,True,"[""Logitech""]","[{""sheet"":""Logitech"",""range"":""D246"",""raw"":""D246"",""qualified"":""'Logitech'!D246""}]",A9,price_target_candidate,single_source,broken,comparison_not_possible,unknown,"[""missing_channel_pricing_parameters""]",high,
1af8b6a3dcc92a4d57f16108,Price List.xlsx,a529c3306d6db3923eb55451562c5a1eb4886861c45b390cddfdfc6f70db6a45,Logitech,visible,H247,247,8,"=IF(D247="""",""x"",IFERROR(FLOOR((D247*(1+#REF!/100)+IF(ISNUMBER(#REF!),#REF!,0))*1000000,50000),""x""))","=IF(RC[-4]="""",""x"",IFERROR(FLOOR((RC[-4]*(1+#REF!/100)+IF(ISNUMBER(#REF!),#REF!,0))*1000000,50000),""x""))",x,text,#REF!,True,"[""Logitech""]","[{""sheet"":""Logitech"",""range"":""D247"",""raw"":""D247"",""qualified"":""'Logitech'!D247""}]",A9,price_target_candidate,single_source,broken,comparison_not_possible,unknown,"[""missing_channel_pricing_parameters""]",high,
a7effda32c53c9c7e5098611,Price List.xlsx,a529c3306d6db3923eb55451562c5a1eb4886861c45b390cddfdfc6f70db6a45,Logitech,visible,H248,248,8,"=IF(D248="""",""x"",IFERROR(FLOOR((D248*(1+#REF!/100)+IF(ISNUMBER(#REF!),#REF!,0))*1000000,50000),""x""))","=IF(RC[-4]="""",""x"",IFERROR(FLOOR((RC[-4]*(1+#REF!/100)+IF(ISNUMBER(#REF!),#REF!,0))*1000000,50000),""x""))",x,text,#REF!,True,"[""Logitech""]","[{""sheet"":""Logitech"",""range"":""D248"",""raw"":""D248"",""qualified"":""'Logitech'!D248""}]",A9,price_target_candidate,single_source,broken,comparison_not_possible,unknown,"[""missing_channel_pricing_parameters""]",high,
97c1c2368d268bea0da55f44,Price List.xlsx,a529c3306d6db3923eb55451562c5a1eb4886861c45b390cddfdfc6f70db6a45,Logitech,visible,H249,249,8,"=IF(D249="""",""x"",IFERROR(FLOOR((D249*(1+#REF!/100)+IF(ISNUMBER(#REF!),#REF!,0))*1000000,50000),""x""))","=IF(RC[-4]="""",""x"",IFERROR(FLOOR((RC[-4]*(1+#REF!/100)+IF(ISNUMBER(#REF!),#REF!,0))*1000000,50000),""x""))",x,text,#REF!,True,"[""Logitech""]","[{""sheet"":""Logitech"",""range"":""D249"",""raw"":""D249"",""qualified"":""'Logitech'!D249""}]",A9,price_target_candidate,single_source,broken,comparison_not_possible,unknown,"[""missing_channel_pricing_parameters""]",high,
f8e8724402598390c797fe39,Price List.xlsx,a529c3306d6db3923eb55451562c5a1eb4886861c45b390cddfdfc6f70db6a45,Logitech,visible,H250,250,8,"=IF(D250="""",""x"",IFERROR(FLOOR((D250*(1+#REF!/100)+IF(ISNUMBER(#REF!),#REF!,0))*1000000,50000),""x""))","=IF(RC[-4]="""",""x"",IFERROR(FLOOR((RC[-4]*(1+#REF!/100)+IF(ISNUMBER(#REF!),#REF!,0))*1000000,50000),""x""))",x,text,#REF!,True,"[""Logitech""]","[{""sheet"":""Logitech"",""range"":""D250"",""raw"":""D250"",""qualified"":""'Logitech'!D250""}]",A9,price_target_candidate,single_source,broken,comparison_not_possible,unknown,"[""missing_channel_pricing_parameters""]",high,
4ff4cad77fbb1c5d4f28738c,Price List.xlsx,a529c3306d6db3923eb55451562c5a1eb4886861c45b390cddfdfc6f70db6a45,Logitech,visible,H251,251,8,"=IF(D251="""",""x"",IFERROR(FLOOR((D251*(1+#REF!/100)+IF(ISNUMBER(#REF!),#REF!,0))*1000000,50000),""x""))","=IF(RC[-4]="""",""x"",IFERROR(FLOOR((RC[-4]*(1+#REF!/100)+IF(ISNUMBER(#REF!),#REF!,0))*1000000,50000),""x""))",x,text,#REF!,True,"[""Logitech""]","[{""sheet"":""Logitech"",""range"":""D251"",""raw"":""D251"",""qualified"":""'Logitech'!D251""}]",A9,price_target_candidate,single_source,broken,comparison_not_possible,unknown,"[""missing_channel_pricing_parameters""]",high,
814c9a7e3264b35f348a533b,Price List.xlsx,a529c3306d6db3923eb55451562c5a1eb4886861c45b390cddfdfc6f70db6a45,Logitech,visible,H252,252,8,"=IF(D252="""",""x"",IFERROR(FLOOR((D252*(1+#REF!/100)+IF(ISNUMBER(#REF!),#REF!,0))*1000000,50000),""x""))","=IF(RC[-4]="""",""x"",IFERROR(FLOOR((RC[-4]*(1+#REF!/100)+IF(ISNUMBER(#REF!),#REF!,0))*1000000,50000),""x""))",x,text,#REF!,True,"[""Logitech""]","[{""sheet"":""Logitech"",""range"":""D252"",""raw"":""D252"",""qualified"":""'Logitech'!D252""}]",A9,price_target_candidate,single_source,broken,comparison_not_possible,unknown,"[""missing_channel_pricing_parameters""]",high,
32b0bb67f18ae11571dd6e7c,Price List.xlsx,a529c3306d6db3923eb55451562c5a1eb4886861c45b390cddfdfc6f70db6a45,Logitech,visible,H253,253,8,"=IF(D253="""",""x"",IFERROR(FLOOR((D253*(1+#REF!/100)+IF(ISNUMBER(#REF!),#REF!,0))*1000000,50000),""x""))","=IF(RC[-4]="""",""x"",IFERROR(FLOOR((RC[-4]*(1+#REF!/100)+IF(ISNUMBER(#REF!),#REF!,0))*1000000,50000),""x""))",x,text,#REF!,True,"[""Logitech""]","[{""sheet"":""Logitech"",""range"":""D253"",""raw"":""D253"",""qualified"":""'Logitech'!D253""}]",A9,price_target_candidate,single_source,broken,comparison_not_possible,unknown,"[""missing_channel_pricing_parameters""]",high,
8ab1300caae89c2df3931216,Price List.xlsx,a529c3306d6db3923eb55451562c5a1eb4886861c45b390cddfdfc6f70db6a45,Logitech,visible,H254,254,8,"=IF(D254="""",""x"",IFERROR(FLOOR((D254*(1+#REF!/100)+IF(ISNUMBER(#REF!),#REF!,0))*1000000,50000),""x""))","=IF(RC[-4]="""",""x"",IFERROR(FLOOR((RC[-4]*(1+#REF!/100)+IF(ISNUMBER(#REF!),#REF!,0))*1000000,50000),""x""))",x,text,#REF!,True,"[""Logitech""]","[{""sheet"":""Logitech"",""range"":""D254"",""raw"":""D254"",""qualified"":""'Logitech'!D254""}]",A9,price_target_candidate,single_source,broken,comparison_not_possible,unknown,"[""missing_channel_pricing_parameters""]",high,
48aef568f18c36935972cf44,Price List.xlsx,a529c3306d6db3923eb55451562c5a1eb4886861c45b390cddfdfc6f70db6a45,Logitech,visible,H255,255,8,"=IF(D255="""",""x"",IFERROR(FLOOR((D255*(1+#REF!/100)+IF(ISNUMBER(#REF!),#REF!,0))*1000000,50000),""x""))","=IF(RC[-4]="""",""x"",IFERROR(FLOOR((RC[-4]*(1+#REF!/100)+IF(ISNUMBER(#REF!),#REF!,0))*1000000,50000),""x""))",x,text,#REF!,True,"[""Logitech""]","[{""sheet"":""Logitech"",""range"":""D255"",""raw"":""D255"",""qualified"":""'Logitech'!D255""}]",A9,price_target_candidate,single_source,broken,comparison_not_possible,unknown,"[""missing_channel_pricing_parameters""]",high,
4cf3a0459c4d2ec3589c68c2,Price List.xlsx,a529c3306d6db3923eb55451562c5a1eb4886861c45b390cddfdfc6f70db6a45,Logitech,visible,H256,256,8,"=IF(D256="""",""x"",IFERROR(FLOOR((D256*(1+#REF!/100)+IF(ISNUMBER(#REF!),#REF!,0))*1000000,50000),""x""))","=IF(RC[-4]="""",""x"",IFERROR(FLOOR((RC[-4]*(1+#REF!/100)+IF(ISNUMBER(#REF!),#REF!,0))*1000000,50000),""x""))",x,text,#REF!,True,"[""Logitech""]","[{""sheet"":""Logitech"",""range"":""D256"",""raw"":""D256"",""qualified"":""'Logitech'!D256""}]",A9,price_target_candidate,single_source,broken,comparison_not_possible,unknown,"[""missing_channel_pricing_parameters""]",high,
048368c5b6e0f6f9c6a182a2,Price List.xlsx,a529c3306d6db3923eb55451562c5a1eb4886861c45b390cddfdfc6f70db6a45,Logitech,visible,H257,257,8,"=IF(D257="""",""x"",IFERROR(FLOOR((D257*(1+#REF!/100)+IF(ISNUMBER(#REF!),#REF!,0))*1000000,50000),""x""))","=IF(RC[-4]="""",""x"",IFERROR(FLOOR((RC[-4]*(1+#REF!/100)+IF(ISNUMBER(#REF!),#REF!,0))*1000000,50000),""x""))",x,text,#REF!,True,"[""Logitech""]","[{""sheet"":""Logitech"",""range"":""D257"",""raw"":""D257"",""qualified"":""'Logitech'!D257""}]",A9,price_target_candidate,single_source,broken,comparison_not_possible,unknown,"[""missing_channel_pricing_parameters""]",high,
6ac65dc1f997778e9211d16a,Price List.xlsx,a529c3306d6db3923eb55451562c5a1eb4886861c45b390cddfdfc6f70db6a45,Logitech,visible,H258,258,8,"=IF(D258="""",""x"",IFERROR(FLOOR((D258*(1+#REF!/100)+IF(ISNUMBER(#REF!),#REF!,0))*1000000,50000),""x""))","=IF(RC[-4]="""",""x"",IFERROR(FLOOR((RC[-4]*(1+#REF!/100)+IF(ISNUMBER(#REF!),#REF!,0))*1000000,50000),""x""))",x,text,#REF!,True,"[""Logitech""]","[{""sheet"":""Logitech"",""range"":""D258"",""raw"":""D258"",""qualified"":""'Logitech'!D258""}]",A9,price_target_candidate,single_source,broken,comparison_not_possible,unknown,"[""missing_channel_pricing_parameters""]",high,
